Frame_Index,Average_CrossEntropy_Loss
0.000000000000000000e+00,1.226319773388644840e+00
1.000000000000000000e+00,1.159438354751459288e+00
2.000000000000000000e+00,1.180620426345701857e+00
3.000000000000000000e+00,1.195132917491309232e+00
4.000000000000000000e+00,1.200920645020489008e+00
5.000000000000000000e+00,1.203839137823924377e+00
6.000000000000000000e+00,1.216642490832436696e+00
7.000000000000000000e+00,1.194007182547094592e+00
8.000000000000000000e+00,1.184058969285385121e+00
9.000000000000000000e+00,1.186079822464692013e+00
1.000000000000000000e+01,1.172428171607029501e+00
1.100000000000000000e+01,1.175082054352355021e+00
1.200000000000000000e+01,1.188974812014838456e+00
1.300000000000000000e+01,1.188343893011874597e+00
1.400000000000000000e+01,1.195622973224807373e+00
1.500000000000000000e+01,1.216051002120366320e+00
1.600000000000000000e+01,1.203143307807179818e+00
1.700000000000000000e+01,1.201378533552305727e+00
1.800000000000000000e+01,1.210510330846120031e+00
1.900000000000000000e+01,1.190720403085308687e+00
2.000000000000000000e+01,1.201401966972797997e+00
2.100000000000000000e+01,1.187373244074504397e+00
2.200000000000000000e+01,1.172617608918660848e+00
2.300000000000000000e+01,1.171979612681906424e+00
2.400000000000000000e+01,1.176171906241199272e+00
2.500000000000000000e+01,1.173310811066931247e+00
2.600000000000000000e+01,1.151912674528561498e+00
2.700000000000000000e+01,1.152484065801615110e+00
2.800000000000000000e+01,1.161069609961205229e+00
2.900000000000000000e+01,1.165864107052264398e+00
3.000000000000000000e+01,1.181381964921860650e+00
3.100000000000000000e+01,1.195683367717152557e+00
3.200000000000000000e+01,1.211892591477891967e+00
3.300000000000000000e+01,1.214388079808963905e+00
3.400000000000000000e+01,1.206290342736244581e+00
3.500000000000000000e+01,1.213240227899398560e+00
3.600000000000000000e+01,1.229705886540691795e+00
3.700000000000000000e+01,1.212166668615404674e+00
3.800000000000000000e+01,1.212501853603311641e+00
3.900000000000000000e+01,1.209152056671289222e+00
4.000000000000000000e+01,1.209851449335048512e+00
4.100000000000000000e+01,1.201412023714097943e+00
4.200000000000000000e+01,1.207127130182100050e+00
4.300000000000000000e+01,1.221395404983587563e+00
4.400000000000000000e+01,1.241196746139329843e+00
4.500000000000000000e+01,1.232168044157843090e+00
4.600000000000000000e+01,1.250176828957521025e+00
4.700000000000000000e+01,1.258267225298439485e+00
4.800000000000000000e+01,1.269235206190587606e+00
4.900000000000000000e+01,1.274373742293753109e+00
5.000000000000000000e+01,1.262658962699814147e+00
5.100000000000000000e+01,1.283900205739270106e+00
5.200000000000000000e+01,1.287426576916836707e+00
5.300000000000000000e+01,1.277371442077329666e+00
5.400000000000000000e+01,1.281052870149369083e+00
5.500000000000000000e+01,1.253303777897509130e+00
5.600000000000000000e+01,1.230305021007030097e+00
5.700000000000000000e+01,1.216288312921607773e+00
5.800000000000000000e+01,1.203180880969016986e+00
5.900000000000000000e+01,1.218274502963172745e+00
6.000000000000000000e+01,1.221011237445660980e+00
6.100000000000000000e+01,1.223764641533408470e+00
6.200000000000000000e+01,1.236711704786001897e+00
6.300000000000000000e+01,1.241385007366665683e+00
6.400000000000000000e+01,1.245674384897938580e+00
6.500000000000000000e+01,1.253607847296532629e+00
6.600000000000000000e+01,1.251179733406590611e+00
6.700000000000000000e+01,1.244031940523402380e+00
6.800000000000000000e+01,1.249601973072357319e+00
6.900000000000000000e+01,1.253109718621999491e+00
7.000000000000000000e+01,1.250613405680471413e+00
7.100000000000000000e+01,1.236634550013857581e+00
7.200000000000000000e+01,1.231805396770748073e+00
7.300000000000000000e+01,1.214201380771555705e+00
7.400000000000000000e+01,1.233852229457827132e+00
7.500000000000000000e+01,1.235671879388974048e+00
7.600000000000000000e+01,1.237418459585266417e+00
7.700000000000000000e+01,1.250148658069924146e+00
7.800000000000000000e+01,1.234313772629927142e+00
7.900000000000000000e+01,1.220041500663177736e+00
8.000000000000000000e+01,1.230937624201841496e+00
8.100000000000000000e+01,1.236099421485252758e+00
8.200000000000000000e+01,1.230461224077266102e+00
8.300000000000000000e+01,1.226211297299919956e+00
8.400000000000000000e+01,1.235332671914673330e+00
8.500000000000000000e+01,1.235261013359882476e+00
8.600000000000000000e+01,1.246948199700758098e+00
8.700000000000000000e+01,1.242500094766405105e+00
8.800000000000000000e+01,1.248323669632453781e+00
8.900000000000000000e+01,1.254125349077286122e+00
9.000000000000000000e+01,1.248831515434479345e+00
9.100000000000000000e+01,1.281202615730580918e+00
9.200000000000000000e+01,1.285660823439580547e+00
9.300000000000000000e+01,1.270084658917455478e+00
9.400000000000000000e+01,1.267605226489000092e+00
9.500000000000000000e+01,1.285481203921621463e+00
9.600000000000000000e+01,1.289626592333245725e+00
9.700000000000000000e+01,1.281574959476711184e+00
9.800000000000000000e+01,1.293149077973378525e+00
9.900000000000000000e+01,1.283669287757532196e+00
1.000000000000000000e+02,1.275865194593123864e+00
1.010000000000000000e+02,1.264543397797803781e+00
1.020000000000000000e+02,1.274972636671320991e+00
1.030000000000000000e+02,1.287657735027356143e+00
1.040000000000000000e+02,1.288932901860763591e+00
1.050000000000000000e+02,1.277730131251779033e+00
1.060000000000000000e+02,1.257587988732432605e+00
1.070000000000000000e+02,1.264415415168540280e+00
1.080000000000000000e+02,1.272376694620054760e+00
1.090000000000000000e+02,1.272992051236048638e+00
1.100000000000000000e+02,1.283399385701548878e+00
1.110000000000000000e+02,1.277147821039709807e+00
1.120000000000000000e+02,1.270010430095551035e+00
1.130000000000000000e+02,1.279414875126011486e+00
1.140000000000000000e+02,1.270067173130311255e+00
1.150000000000000000e+02,1.260430200592132399e+00
1.160000000000000000e+02,1.265271238011856925e+00
1.170000000000000000e+02,1.263002841816549759e+00
1.180000000000000000e+02,1.258175320256850638e+00
1.190000000000000000e+02,1.246233388070582482e+00
1.200000000000000000e+02,1.298291950111080117e+00
1.210000000000000000e+02,1.245379706628369609e+00
1.220000000000000000e+02,1.244489172330301097e+00
1.230000000000000000e+02,1.248780893641796563e+00
1.240000000000000000e+02,1.253080249806545643e+00
1.250000000000000000e+02,1.256530628552832152e+00
1.260000000000000000e+02,1.244321538799018079e+00
1.270000000000000000e+02,1.223149684076164423e+00
1.280000000000000000e+02,1.216842013767900577e+00
1.290000000000000000e+02,1.222587829480915378e+00
1.300000000000000000e+02,1.209931674953764746e+00
1.310000000000000000e+02,1.202504326179062222e+00
1.320000000000000000e+02,1.189056513381045344e+00
1.330000000000000000e+02,1.197980961957632706e+00
1.340000000000000000e+02,1.200675774817701713e+00
1.350000000000000000e+02,1.204241902743307779e+00
1.360000000000000000e+02,1.204661473358158874e+00
1.370000000000000000e+02,1.194369463258297515e+00
1.380000000000000000e+02,1.206659450543324352e+00
1.390000000000000000e+02,1.182677527814063323e+00
1.400000000000000000e+02,1.203773892367777210e+00
1.410000000000000000e+02,1.225277595307862954e+00
1.420000000000000000e+02,1.224278179800273314e+00
1.430000000000000000e+02,1.246160930863924987e+00
1.440000000000000000e+02,1.225783251637942994e+00
1.450000000000000000e+02,1.223085815157552991e+00
1.460000000000000000e+02,1.208492812751346568e+00
1.470000000000000000e+02,1.185103339896081520e+00
1.480000000000000000e+02,1.181659472421396240e+00
1.490000000000000000e+02,1.186644649541365393e+00
1.500000000000000000e+02,1.174969363482887275e+00
1.510000000000000000e+02,1.171536677417507111e+00
1.520000000000000000e+02,1.168504649022113595e+00
1.530000000000000000e+02,1.166363361973153712e+00
1.540000000000000000e+02,1.170474819508331654e+00
1.550000000000000000e+02,1.148297216110583774e+00
1.560000000000000000e+02,1.153086666583334585e+00
1.570000000000000000e+02,1.152014924583383504e+00
1.580000000000000000e+02,1.170253964787074885e+00
1.590000000000000000e+02,1.159843516869409452e+00
1.600000000000000000e+02,1.149620018159460466e+00
1.610000000000000000e+02,1.152894691801720883e+00
1.620000000000000000e+02,1.149795946601740226e+00
1.630000000000000000e+02,1.149309044371933597e+00
1.640000000000000000e+02,1.137175995193534073e+00
1.650000000000000000e+02,1.145778255373469001e+00
1.660000000000000000e+02,1.138586682700742037e+00
1.670000000000000000e+02,1.141047260220367399e+00
1.680000000000000000e+02,1.139713600021332818e+00
1.690000000000000000e+02,1.139443062268344464e+00
1.700000000000000000e+02,1.126073371098626152e+00
1.710000000000000000e+02,1.137540314665661967e+00
1.720000000000000000e+02,1.141506456187926233e+00
1.730000000000000000e+02,1.129083637141949481e+00
1.740000000000000000e+02,1.150098392007135928e+00
1.750000000000000000e+02,1.138686824247120422e+00
1.760000000000000000e+02,1.138651073920822876e+00
1.770000000000000000e+02,1.145163212037985545e+00
1.780000000000000000e+02,1.139161629220454275e+00
1.790000000000000000e+02,1.143276983800844526e+00
1.800000000000000000e+02,1.204350266874469888e+00
1.810000000000000000e+02,1.202556141092795405e+00
1.820000000000000000e+02,1.189450779869072550e+00
1.830000000000000000e+02,1.210857712757626770e+00
1.840000000000000000e+02,1.183898515515078964e+00
1.850000000000000000e+02,1.186650431333712508e+00
1.860000000000000000e+02,1.194030969602869918e+00
1.870000000000000000e+02,1.180687322867299383e+00
1.880000000000000000e+02,1.181164501559778701e+00
1.890000000000000000e+02,1.202013553429811088e+00
1.900000000000000000e+02,1.205789329708060187e+00
1.910000000000000000e+02,1.220177081462073376e+00
1.920000000000000000e+02,1.230729859885396404e+00
1.930000000000000000e+02,1.221635896069367622e+00
1.940000000000000000e+02,1.233729421058735731e+00
1.950000000000000000e+02,1.232855697758561853e+00
1.960000000000000000e+02,1.199580729773708887e+00
1.970000000000000000e+02,1.198651332514490964e+00
1.980000000000000000e+02,1.186176595033694658e+00
1.990000000000000000e+02,1.167287880769255493e+00
2.000000000000000000e+02,1.161232385388080157e+00
2.010000000000000000e+02,1.146118918734112091e+00
2.020000000000000000e+02,1.145910129084000806e+00
2.030000000000000000e+02,1.145294257261334492e+00
2.040000000000000000e+02,1.158985993304952000e+00
2.050000000000000000e+02,1.147126771525334599e+00
2.060000000000000000e+02,1.150797556027694180e+00
2.070000000000000000e+02,1.152096910528295437e+00
2.080000000000000000e+02,1.150333925601547458e+00
2.090000000000000000e+02,1.151154168405700506e+00
2.100000000000000000e+02,1.180991962978859000e+00
2.110000000000000000e+02,1.216542791048582872e+00
2.120000000000000000e+02,1.215256345060154564e+00
2.130000000000000000e+02,1.213768350815424002e+00
2.140000000000000000e+02,1.216577531390045541e+00
2.150000000000000000e+02,1.206737381571050038e+00
2.160000000000000000e+02,1.227936097745534028e+00
2.170000000000000000e+02,1.215257764775373506e+00
2.180000000000000000e+02,1.211066850984512833e+00
2.190000000000000000e+02,1.195329337427013083e+00
2.200000000000000000e+02,1.185576397190216458e+00
2.210000000000000000e+02,1.187458937293622174e+00
2.220000000000000000e+02,1.170783332034657009e+00
2.230000000000000000e+02,1.195103736901385938e+00
2.240000000000000000e+02,1.203732407442631436e+00
2.250000000000000000e+02,1.201256916990066648e+00
2.260000000000000000e+02,1.200593895643301545e+00
2.270000000000000000e+02,1.194541079938695072e+00
2.280000000000000000e+02,1.201828274235805960e+00
2.290000000000000000e+02,1.194158873738437654e+00
2.300000000000000000e+02,1.193058398675403087e+00
2.310000000000000000e+02,1.201347115099095975e+00
2.320000000000000000e+02,1.186909218818165357e+00
2.330000000000000000e+02,1.154486313923700713e+00
2.340000000000000000e+02,1.164597863363915353e+00
2.350000000000000000e+02,1.166332975259401605e+00
2.360000000000000000e+02,1.180927948534836291e+00
2.370000000000000000e+02,1.196195114101114454e+00
2.380000000000000000e+02,1.189829548174874629e+00
2.390000000000000000e+02,1.198730484075908320e+00
2.400000000000000000e+02,1.241965824488014736e+00
2.410000000000000000e+02,1.207437933156654264e+00
2.420000000000000000e+02,1.187130952756350499e+00
2.430000000000000000e+02,1.183741584251317036e+00
2.440000000000000000e+02,1.167444565127149891e+00
2.450000000000000000e+02,1.159768660717013233e+00
2.460000000000000000e+02,1.146517536808340676e+00
2.470000000000000000e+02,1.150228010832772263e+00
2.480000000000000000e+02,1.154072878770759703e+00
2.490000000000000000e+02,1.153079538260472603e+00
2.500000000000000000e+02,1.162943550769195422e+00
2.510000000000000000e+02,1.161951797766004324e+00
2.520000000000000000e+02,1.161432578208657418e+00
2.530000000000000000e+02,1.180103836652914628e+00
2.540000000000000000e+02,1.188375598564064273e+00
2.550000000000000000e+02,1.181870049923610777e+00
2.560000000000000000e+02,1.197598002874802336e+00
2.570000000000000000e+02,1.194480511625203967e+00
2.580000000000000000e+02,1.196024182555308180e+00
2.590000000000000000e+02,1.200302104878852916e+00
2.600000000000000000e+02,1.168609920264362723e+00
2.610000000000000000e+02,1.162454872104903503e+00
2.620000000000000000e+02,1.167214140664347699e+00
2.630000000000000000e+02,1.146559442161925624e+00
2.640000000000000000e+02,1.148632852827542017e+00
2.650000000000000000e+02,1.138673224013101670e+00
2.660000000000000000e+02,1.158191893802722916e+00
2.670000000000000000e+02,1.177031897637656588e+00
2.680000000000000000e+02,1.167276247560444347e+00
2.690000000000000000e+02,1.171680884861283634e+00
2.700000000000000000e+02,1.164458134241110665e+00
2.710000000000000000e+02,1.192206854933275606e+00
2.720000000000000000e+02,1.182568253865769137e+00
2.730000000000000000e+02,1.174264307630516591e+00
2.740000000000000000e+02,1.157259561234926570e+00
2.750000000000000000e+02,1.181602729326898693e+00
2.760000000000000000e+02,1.177912668916784922e+00
2.770000000000000000e+02,1.152640242866650455e+00
2.780000000000000000e+02,1.160041621040284632e+00
2.790000000000000000e+02,1.144057185773989183e+00
2.800000000000000000e+02,1.135890580817510376e+00
2.810000000000000000e+02,1.132403068409589819e+00
2.820000000000000000e+02,1.133861164645919573e+00
2.830000000000000000e+02,1.142636952043993404e+00
2.840000000000000000e+02,1.175044815600984727e+00
2.850000000000000000e+02,1.172541224287841466e+00
2.860000000000000000e+02,1.185059363983927527e+00
2.870000000000000000e+02,1.193872314905013887e+00
2.880000000000000000e+02,1.203323109879789410e+00
2.890000000000000000e+02,1.216132428308112079e+00
2.900000000000000000e+02,1.207300055781556525e+00
2.910000000000000000e+02,1.212019566206752552e+00
2.920000000000000000e+02,1.224132375000171136e+00
2.930000000000000000e+02,1.217326960105455713e+00
2.940000000000000000e+02,1.216291275717515497e+00
2.950000000000000000e+02,1.225671213622579581e+00
2.960000000000000000e+02,1.224674733788613468e+00
2.970000000000000000e+02,1.239040406471653144e+00
2.980000000000000000e+02,1.232743014957109695e+00
2.990000000000000000e+02,1.221841846981408075e+00
3.000000000000000000e+02,1.237093848847316879e+00
3.010000000000000000e+02,1.192183654762946299e+00
3.020000000000000000e+02,1.210130918477670292e+00
3.030000000000000000e+02,1.197552442279234297e+00
3.040000000000000000e+02,1.175918422014481157e+00
3.050000000000000000e+02,1.167497644897093068e+00
3.060000000000000000e+02,1.165202388071507444e+00
3.070000000000000000e+02,1.182395790404753289e+00
3.080000000000000000e+02,1.194405435371057367e+00
3.090000000000000000e+02,1.208014512402756369e+00
3.100000000000000000e+02,1.210492211606807311e+00
3.110000000000000000e+02,1.214480022537484993e+00
3.120000000000000000e+02,1.214508962113303836e+00
3.130000000000000000e+02,1.219231068793358519e+00
3.140000000000000000e+02,1.230072237537293001e+00
3.150000000000000000e+02,1.224523322794888402e+00
3.160000000000000000e+02,1.219725771583793916e+00
3.170000000000000000e+02,1.210703043837186410e+00
3.180000000000000000e+02,1.195902394009981773e+00
3.190000000000000000e+02,1.200919317363540406e+00
3.200000000000000000e+02,1.205214318802261264e+00
3.210000000000000000e+02,1.198513151312658565e+00
3.220000000000000000e+02,1.202718562511491118e+00
3.230000000000000000e+02,1.212538408107703081e+00
3.240000000000000000e+02,1.243827221759061796e+00
3.250000000000000000e+02,1.234585785595919472e+00
3.260000000000000000e+02,1.257878539210440128e+00
3.270000000000000000e+02,1.287027567858087362e+00
3.280000000000000000e+02,1.296437769101180137e+00
3.290000000000000000e+02,1.301239394625831158e+00
3.300000000000000000e+02,1.337152528237759652e+00
3.310000000000000000e+02,1.294315777069589668e+00
3.320000000000000000e+02,1.295806469248990345e+00
3.330000000000000000e+02,1.280575115643192152e+00
3.340000000000000000e+02,1.299017237126827151e+00
3.350000000000000000e+02,1.309797922828874972e+00
3.360000000000000000e+02,1.321791209191100602e+00
3.370000000000000000e+02,1.293521920098906541e+00
3.380000000000000000e+02,1.276104667237294654e+00
3.390000000000000000e+02,1.291798807100609014e+00
3.400000000000000000e+02,1.287821431048879584e+00
3.410000000000000000e+02,1.275722658899238526e+00
3.420000000000000000e+02,1.297942072680910108e+00
3.430000000000000000e+02,1.295428236969330849e+00
3.440000000000000000e+02,1.299147271096964262e+00
3.450000000000000000e+02,1.293633954436726130e+00
3.460000000000000000e+02,1.281862735286163790e+00
3.470000000000000000e+02,1.282233745246776468e+00
3.480000000000000000e+02,1.281087848450988442e+00
3.490000000000000000e+02,1.271149665048662003e+00
3.500000000000000000e+02,1.272941640411278996e+00
3.510000000000000000e+02,1.263572691105738555e+00
3.520000000000000000e+02,1.249162298480847033e+00
3.530000000000000000e+02,1.246194497530606293e+00
3.540000000000000000e+02,1.264906990533303910e+00
3.550000000000000000e+02,1.267165576364121637e+00
3.560000000000000000e+02,1.284026431061751516e+00
3.570000000000000000e+02,1.284333857756116304e+00
3.580000000000000000e+02,1.284981261182734480e+00
3.590000000000000000e+02,1.276796970999151126e+00
3.600000000000000000e+02,1.288803063908142699e+00
3.610000000000000000e+02,1.309367262317009617e+00
3.620000000000000000e+02,1.343309431712899515e+00
3.630000000000000000e+02,1.351772984776295816e+00
3.640000000000000000e+02,1.345516386106469842e+00
3.650000000000000000e+02,1.338654975754213883e+00
3.660000000000000000e+02,1.342574325325966544e+00
3.670000000000000000e+02,1.324412603170490366e+00
3.680000000000000000e+02,1.322399916238579110e+00
3.690000000000000000e+02,1.331548463351940326e+00
3.700000000000000000e+02,1.329277370407218051e+00
3.710000000000000000e+02,1.334133084298892546e+00
3.720000000000000000e+02,1.340794472802010917e+00
3.730000000000000000e+02,1.304701899404758114e+00
3.740000000000000000e+02,1.325037705036027136e+00
3.750000000000000000e+02,1.306960438016731008e+00
3.760000000000000000e+02,1.290608569363533409e+00
3.770000000000000000e+02,1.314019436700722077e+00
3.780000000000000000e+02,1.322647958212236574e+00
3.790000000000000000e+02,1.339250786964788276e+00
3.800000000000000000e+02,1.354383799241664299e+00
3.810000000000000000e+02,1.333926600474469648e+00
3.820000000000000000e+02,1.344982701336390418e+00
3.830000000000000000e+02,1.337912231110117256e+00
3.840000000000000000e+02,1.339582423624419150e+00
3.850000000000000000e+02,1.339586700412902065e+00
3.860000000000000000e+02,1.323758180323387101e+00
3.870000000000000000e+02,1.302022623558733549e+00
3.880000000000000000e+02,1.290951037863046436e+00
3.890000000000000000e+02,1.276177759371460052e+00
3.900000000000000000e+02,1.279805262994552884e+00
3.910000000000000000e+02,1.295817095575696687e+00
3.920000000000000000e+02,1.285852273538367063e+00
3.930000000000000000e+02,1.281757258378570574e+00
3.940000000000000000e+02,1.284917822998375536e+00
3.950000000000000000e+02,1.301551251670114429e+00
3.960000000000000000e+02,1.308098661360706183e+00
3.970000000000000000e+02,1.303264859747627291e+00
3.980000000000000000e+02,1.306966215120201280e+00
3.990000000000000000e+02,1.323750022738893861e+00
4.000000000000000000e+02,1.323653901949367384e+00
4.010000000000000000e+02,1.326483478792482407e+00
4.020000000000000000e+02,1.313912090219778284e+00
4.030000000000000000e+02,1.327022760819849712e+00
4.040000000000000000e+02,1.304006304971500274e+00
4.050000000000000000e+02,1.300516573365077644e+00
4.060000000000000000e+02,1.278514824069788558e+00
4.070000000000000000e+02,1.280938128632553630e+00
4.080000000000000000e+02,1.252763796520667272e+00
4.090000000000000000e+02,1.269934124035447587e+00
4.100000000000000000e+02,1.266104356234804440e+00
4.110000000000000000e+02,1.239627116130499029e+00
4.120000000000000000e+02,1.254052691880643611e+00
4.130000000000000000e+02,1.248130949190650263e+00
4.140000000000000000e+02,1.241420823758469627e+00
4.150000000000000000e+02,1.249138701502979121e+00
4.160000000000000000e+02,1.242038594265912232e+00
4.170000000000000000e+02,1.243653972345285297e+00
4.180000000000000000e+02,1.257896319503448712e+00
4.190000000000000000e+02,1.242696823422225760e+00
4.200000000000000000e+02,1.274946186598638009e+00
4.210000000000000000e+02,1.185179370542964739e+00
4.220000000000000000e+02,1.166968172804281556e+00
4.230000000000000000e+02,1.167901017600519786e+00
4.240000000000000000e+02,1.165208442366544750e+00
4.250000000000000000e+02,1.171200448659285520e+00
4.260000000000000000e+02,1.200571354879769848e+00
4.270000000000000000e+02,1.174292486410155822e+00
4.280000000000000000e+02,1.176738994457782406e+00
4.290000000000000000e+02,1.195750876631555881e+00
4.300000000000000000e+02,1.184545668048897937e+00
4.310000000000000000e+02,1.198817346275829365e+00
4.320000000000000000e+02,1.227826341228281493e+00
4.330000000000000000e+02,1.235382341023278263e+00
4.340000000000000000e+02,1.241169404444701918e+00
4.350000000000000000e+02,1.256494265307652292e+00
4.360000000000000000e+02,1.263747887769018918e+00
4.370000000000000000e+02,1.253677578910552093e+00
4.380000000000000000e+02,1.276432790259768746e+00
4.390000000000000000e+02,1.266612122977728738e+00
4.400000000000000000e+02,1.269974365503160341e+00
4.410000000000000000e+02,1.285897280852956959e+00
4.420000000000000000e+02,1.280025841803926534e+00
4.430000000000000000e+02,1.303486661535349311e+00
4.440000000000000000e+02,1.287210068774113036e+00
4.450000000000000000e+02,1.276358381099663930e+00
4.460000000000000000e+02,1.281952571796995288e+00
4.470000000000000000e+02,1.286023923281953696e+00
4.480000000000000000e+02,1.272923923160155457e+00
4.490000000000000000e+02,1.263277605292177919e+00
4.500000000000000000e+02,1.292714480436032876e+00
4.510000000000000000e+02,1.301825379347343770e+00
4.520000000000000000e+02,1.303168712807972307e+00
4.530000000000000000e+02,1.337980759951471255e+00
4.540000000000000000e+02,1.311034376811606617e+00
4.550000000000000000e+02,1.311831137426724414e+00
4.560000000000000000e+02,1.306509422684295707e+00
4.570000000000000000e+02,1.306777450702379273e+00
4.580000000000000000e+02,1.313256690318587383e+00
4.590000000000000000e+02,1.316885739221810292e+00
4.600000000000000000e+02,1.307625947173015168e+00
4.610000000000000000e+02,1.333746351409375475e+00
4.620000000000000000e+02,1.326797356590055932e+00
4.630000000000000000e+02,1.320432251628065989e+00
4.640000000000000000e+02,1.306432002380806479e+00
4.650000000000000000e+02,1.304091569853914168e+00
4.660000000000000000e+02,1.310614502522457148e+00
4.670000000000000000e+02,1.320780700647499861e+00
4.680000000000000000e+02,1.324626959726064923e+00
4.690000000000000000e+02,1.310962215647182960e+00
4.700000000000000000e+02,1.292290185714551898e+00
4.710000000000000000e+02,1.306253060953008305e+00
4.720000000000000000e+02,1.288935413530154284e+00
4.730000000000000000e+02,1.276937922564365779e+00
4.740000000000000000e+02,1.285297773988113512e+00
4.750000000000000000e+02,1.274340000490268743e+00
4.760000000000000000e+02,1.255763076106638731e+00
4.770000000000000000e+02,1.271983905144105531e+00
4.780000000000000000e+02,1.278644688032953391e+00
4.790000000000000000e+02,1.263144318294374902e+00
4.800000000000000000e+02,1.302174076262495594e+00
4.810000000000000000e+02,1.254396333677004094e+00
4.820000000000000000e+02,1.231472193330958254e+00
4.830000000000000000e+02,1.232725755635276199e+00
4.840000000000000000e+02,1.214222861980501333e+00
4.850000000000000000e+02,1.218974314425882888e+00
4.860000000000000000e+02,1.220130162703529697e+00
4.870000000000000000e+02,1.227591431138073563e+00
4.880000000000000000e+02,1.242920624977357225e+00
4.890000000000000000e+02,1.245735000803572357e+00
4.900000000000000000e+02,1.256970937850343528e+00
4.910000000000000000e+02,1.249083864620711193e+00
4.920000000000000000e+02,1.272525463086439768e+00
4.930000000000000000e+02,1.251879860868043037e+00
4.940000000000000000e+02,1.235440880446981637e+00
4.950000000000000000e+02,1.243372099646375517e+00
4.960000000000000000e+02,1.263986667036711475e+00
4.970000000000000000e+02,1.283739349653605144e+00
4.980000000000000000e+02,1.288489618895835243e+00
4.990000000000000000e+02,1.294605369773057291e+00
5.000000000000000000e+02,1.290220149782607795e+00
5.010000000000000000e+02,1.279862298053373815e+00
5.020000000000000000e+02,1.297280918349144052e+00
5.030000000000000000e+02,1.288036104072133314e+00
5.040000000000000000e+02,1.279238333134107064e+00
5.050000000000000000e+02,1.272323368590045023e+00
5.060000000000000000e+02,1.261588758813045219e+00
5.070000000000000000e+02,1.262609308453713775e+00
5.080000000000000000e+02,1.253449674769122391e+00
5.090000000000000000e+02,1.246608529921723996e+00
5.100000000000000000e+02,1.259619521487288063e+00
5.110000000000000000e+02,1.248959207383240733e+00
5.120000000000000000e+02,1.248797166562620742e+00
5.130000000000000000e+02,1.243458706476238129e+00
5.140000000000000000e+02,1.246469240542668722e+00
5.150000000000000000e+02,1.250358056579381483e+00
5.160000000000000000e+02,1.258130708228622607e+00
5.170000000000000000e+02,1.261654061819937667e+00
5.180000000000000000e+02,1.292257700006145926e+00
5.190000000000000000e+02,1.306243370434314599e+00
5.200000000000000000e+02,1.309883525429867968e+00
5.210000000000000000e+02,1.319300994028047569e+00
5.220000000000000000e+02,1.339539905874981507e+00
5.230000000000000000e+02,1.321554339786266130e+00
5.240000000000000000e+02,1.316578132487546959e+00
5.250000000000000000e+02,1.305581352719953347e+00
5.260000000000000000e+02,1.303530247780249729e+00
5.270000000000000000e+02,1.315048923071896025e+00
5.280000000000000000e+02,1.293464233037025624e+00
5.290000000000000000e+02,1.277548827089179939e+00
5.300000000000000000e+02,1.285180337688544006e+00
5.310000000000000000e+02,1.274240413317188736e+00
5.320000000000000000e+02,1.282034462499566319e+00
5.330000000000000000e+02,1.265111001712402317e+00
5.340000000000000000e+02,1.255674335212788373e+00
5.350000000000000000e+02,1.249854166303148162e+00
5.360000000000000000e+02,1.250719482737858046e+00
5.370000000000000000e+02,1.254751173683472221e+00
5.380000000000000000e+02,1.253981490958885781e+00
5.390000000000000000e+02,1.241052883408759300e+00
5.400000000000000000e+02,1.226715548676598821e+00
5.410000000000000000e+02,1.198592578490799365e+00
5.420000000000000000e+02,1.213787104756812729e+00
5.430000000000000000e+02,1.238770378435340991e+00
5.440000000000000000e+02,1.233522765263828758e+00
5.450000000000000000e+02,1.239223102862403447e+00
5.460000000000000000e+02,1.241361572199363161e+00
5.470000000000000000e+02,1.231319628695577872e+00
5.480000000000000000e+02,1.239775755224939102e+00
5.490000000000000000e+02,1.260240608772383641e+00
5.500000000000000000e+02,1.238349629058157708e+00
5.510000000000000000e+02,1.226025268481828689e+00
5.520000000000000000e+02,1.255636765998012105e+00
5.530000000000000000e+02,1.254419722325703201e+00
5.540000000000000000e+02,1.258113961548251281e+00
5.550000000000000000e+02,1.253311405233236808e+00
5.560000000000000000e+02,1.267209342359866930e+00
5.570000000000000000e+02,1.264927989929586882e+00
5.580000000000000000e+02,1.282044993578542513e+00
5.590000000000000000e+02,1.280727127922000275e+00
5.600000000000000000e+02,1.274377319351899240e+00
5.610000000000000000e+02,1.268854151139277242e+00
5.620000000000000000e+02,1.268001065196262545e+00
5.630000000000000000e+02,1.247491424765299950e+00
5.640000000000000000e+02,1.252381257172156648e+00
5.650000000000000000e+02,1.247857786416662451e+00
5.660000000000000000e+02,1.228629736215333113e+00
5.670000000000000000e+02,1.250263264546541686e+00
5.680000000000000000e+02,1.237495963695821155e+00
5.690000000000000000e+02,1.247912879221796612e+00
5.700000000000000000e+02,1.266592382412467854e+00
5.710000000000000000e+02,1.236966371668644538e+00
5.720000000000000000e+02,1.223419230144218828e+00
5.730000000000000000e+02,1.232123727792930001e+00
5.740000000000000000e+02,1.230902596942282212e+00
5.750000000000000000e+02,1.248344315531929594e+00
5.760000000000000000e+02,1.249300362592163927e+00
5.770000000000000000e+02,1.241520934314790825e+00
5.780000000000000000e+02,1.237367346244943045e+00
5.790000000000000000e+02,1.254710797629016383e+00
5.800000000000000000e+02,1.242224031555356101e+00
5.810000000000000000e+02,1.237167968185832079e+00
5.820000000000000000e+02,1.220970130620937510e+00
5.830000000000000000e+02,1.216486633404270101e+00
5.840000000000000000e+02,1.223998521484392699e+00
5.850000000000000000e+02,1.207341452380616076e+00
5.860000000000000000e+02,1.216312513935521533e+00
5.870000000000000000e+02,1.224878602034694230e+00
5.880000000000000000e+02,1.206991003112669603e+00
5.890000000000000000e+02,1.203571354653913961e+00
5.900000000000000000e+02,1.223244109084213438e+00
5.910000000000000000e+02,1.238192069053840827e+00
5.920000000000000000e+02,1.233596092567050828e+00
5.930000000000000000e+02,1.244864926339324995e+00
5.940000000000000000e+02,1.242940285363667074e+00
5.950000000000000000e+02,1.229921578271647054e+00
5.960000000000000000e+02,1.233191271248418763e+00
5.970000000000000000e+02,1.218957108709807224e+00
5.980000000000000000e+02,1.215928592274264863e+00
5.990000000000000000e+02,1.199318821132104196e+00
6.000000000000000000e+02,1.234026977010585835e+00
6.010000000000000000e+02,1.210231542105546731e+00
6.020000000000000000e+02,1.210243939301963279e+00
6.030000000000000000e+02,1.223932603093944804e+00
6.040000000000000000e+02,1.218886251373906271e+00
6.050000000000000000e+02,1.230065092104947633e+00
6.060000000000000000e+02,1.253790814557013800e+00
6.070000000000000000e+02,1.257009244448142216e+00
6.080000000000000000e+02,1.255428323431640791e+00
6.090000000000000000e+02,1.259054164918236962e+00
6.100000000000000000e+02,1.269947147358481798e+00
6.110000000000000000e+02,1.261892210109004653e+00
6.120000000000000000e+02,1.273695288078534604e+00
6.130000000000000000e+02,1.291469019033629761e+00
6.140000000000000000e+02,1.293621147973871288e+00
6.150000000000000000e+02,1.270702096708761886e+00
6.160000000000000000e+02,1.271410249211432753e+00
6.170000000000000000e+02,1.270826046734504500e+00
6.180000000000000000e+02,1.262153157066908227e+00
6.190000000000000000e+02,1.245862254267819047e+00
6.200000000000000000e+02,1.235441712774649092e+00
6.210000000000000000e+02,1.224832497174207058e+00
6.220000000000000000e+02,1.209149329632272174e+00
6.230000000000000000e+02,1.217886878031352982e+00
6.240000000000000000e+02,1.209409081041743494e+00
6.250000000000000000e+02,1.216527250623843148e+00
6.260000000000000000e+02,1.227766358495582244e+00
6.270000000000000000e+02,1.234003947005231971e+00
6.280000000000000000e+02,1.208164341798801056e+00
6.290000000000000000e+02,1.226434761610094126e+00
6.300000000000000000e+02,1.218406904689154358e+00
6.310000000000000000e+02,1.115925130273278443e+00
6.320000000000000000e+02,1.125638755572315519e+00
6.330000000000000000e+02,1.135948690215976553e+00
6.340000000000000000e+02,1.128537297155839392e+00
6.350000000000000000e+02,1.136108836599825311e+00
6.360000000000000000e+02,1.145166690544710208e+00
6.370000000000000000e+02,1.139710835366959829e+00
6.380000000000000000e+02,1.137978064479906903e+00
6.390000000000000000e+02,1.138011642966526349e+00
6.400000000000000000e+02,1.128351879301104477e+00
6.410000000000000000e+02,1.130149586350285951e+00
6.420000000000000000e+02,1.137983669502585338e+00
6.430000000000000000e+02,1.122483230445619817e+00
6.440000000000000000e+02,1.122045886092311706e+00
6.450000000000000000e+02,1.111541062368726074e+00
6.460000000000000000e+02,1.108261242059638940e+00
6.470000000000000000e+02,1.131009182993618412e+00
6.480000000000000000e+02,1.112431394608947022e+00
6.490000000000000000e+02,1.111562814394579268e+00
6.500000000000000000e+02,1.119852589361266304e+00
6.510000000000000000e+02,1.118205008366367492e+00
6.520000000000000000e+02,1.109839292866995342e+00
6.530000000000000000e+02,1.118262982519590221e+00
6.540000000000000000e+02,1.122589976188273386e+00
6.550000000000000000e+02,1.113571013084129646e+00
6.560000000000000000e+02,1.113789076324511962e+00
6.570000000000000000e+02,1.104675124434376210e+00
6.580000000000000000e+02,1.092785942809580968e+00
6.590000000000000000e+02,1.078651238827838421e+00
6.600000000000000000e+02,1.097551600596752719e+00
6.610000000000000000e+02,1.098987342212153662e+00
6.620000000000000000e+02,1.093645698345014683e+00
6.630000000000000000e+02,1.112967259070010151e+00
6.640000000000000000e+02,1.099217181657373033e+00
6.650000000000000000e+02,1.087953008085074558e+00
6.660000000000000000e+02,1.080368806865494635e+00
6.670000000000000000e+02,1.069913841315789815e+00
6.680000000000000000e+02,1.082520332402187702e+00
6.690000000000000000e+02,1.086000465703609752e+00
6.700000000000000000e+02,1.086592911293536412e+00
6.710000000000000000e+02,1.095026711850676904e+00
6.720000000000000000e+02,1.096015216189140995e+00
6.730000000000000000e+02,1.099260421050032743e+00
6.740000000000000000e+02,1.086861708941385007e+00
6.750000000000000000e+02,1.080985224929623012e+00
6.760000000000000000e+02,1.096849266375520493e+00
6.770000000000000000e+02,1.104032662984138380e+00
6.780000000000000000e+02,1.107957243709697615e+00
6.790000000000000000e+02,1.106457992854959826e+00
6.800000000000000000e+02,1.110480687083688300e+00
6.810000000000000000e+02,1.101098879758798832e+00
6.820000000000000000e+02,1.110351071895455455e+00
6.830000000000000000e+02,1.114835582325153451e+00
6.840000000000000000e+02,1.101738711384832037e+00
6.850000000000000000e+02,1.104554080337423638e+00
6.860000000000000000e+02,1.092525641831363803e+00
6.870000000000000000e+02,1.096048723174009254e+00
6.880000000000000000e+02,1.092088811259069203e+00
6.890000000000000000e+02,1.099236355085617678e+00
6.900000000000000000e+02,1.109680141119650187e+00
6.910000000000000000e+02,1.128489013319550427e+00
6.920000000000000000e+02,1.114790540420519172e+00
6.930000000000000000e+02,1.123316503774926645e+00
6.940000000000000000e+02,1.100003543420462027e+00
6.950000000000000000e+02,1.094090903657747305e+00
6.960000000000000000e+02,1.090559309507564967e+00
6.970000000000000000e+02,1.089366194421071965e+00
6.980000000000000000e+02,1.097744275118155421e+00
6.990000000000000000e+02,1.104419700098568935e+00
7.000000000000000000e+02,1.097954330939144185e+00
7.010000000000000000e+02,1.094678179134994211e+00
7.020000000000000000e+02,1.086496822137376972e+00
7.030000000000000000e+02,1.086616783122816621e+00
7.040000000000000000e+02,1.097419840501647315e+00
7.050000000000000000e+02,1.115013958389129201e+00
7.060000000000000000e+02,1.117052712537244696e+00
7.070000000000000000e+02,1.122400724838263697e+00
7.080000000000000000e+02,1.112771407571293558e+00
7.090000000000000000e+02,1.116108093001120904e+00
7.100000000000000000e+02,1.112248250811481487e+00
7.110000000000000000e+02,1.128419169301546621e+00
7.120000000000000000e+02,1.128229478869104296e+00
7.130000000000000000e+02,1.144819763245888966e+00
7.140000000000000000e+02,1.133315351662329551e+00
7.150000000000000000e+02,1.133165639419867476e+00
7.160000000000000000e+02,1.138892588918356097e+00
7.170000000000000000e+02,1.145396596318352334e+00
7.180000000000000000e+02,1.151504972539583393e+00
7.190000000000000000e+02,1.166594709477094094e+00
7.200000000000000000e+02,1.177435011987448599e+00
7.210000000000000000e+02,1.185231933606487154e+00
7.220000000000000000e+02,1.205236029340834181e+00
7.230000000000000000e+02,1.195502360459667068e+00
7.240000000000000000e+02,1.194913929278674791e+00
7.250000000000000000e+02,1.198423667725685871e+00
7.260000000000000000e+02,1.177136497817734995e+00
7.270000000000000000e+02,1.181906080042929741e+00
7.280000000000000000e+02,1.191482968206829085e+00
7.290000000000000000e+02,1.182661837319542109e+00
7.300000000000000000e+02,1.182665104390574040e+00
7.310000000000000000e+02,1.189969492590856159e+00
7.320000000000000000e+02,1.191304977333536019e+00
7.330000000000000000e+02,1.200115488499731597e+00
7.340000000000000000e+02,1.203747106850427961e+00
7.350000000000000000e+02,1.211953404846580540e+00
7.360000000000000000e+02,1.226585448364323261e+00
7.370000000000000000e+02,1.240576086142134660e+00
7.380000000000000000e+02,1.229909549144555525e+00
7.390000000000000000e+02,1.216435030167785314e+00
7.400000000000000000e+02,1.220407072559978268e+00
7.410000000000000000e+02,1.208217434501206888e+00
7.420000000000000000e+02,1.215434758581549701e+00
7.430000000000000000e+02,1.215343888343555001e+00
7.440000000000000000e+02,1.236354037560351449e+00
7.450000000000000000e+02,1.221894707857299034e+00
7.460000000000000000e+02,1.240288764326525017e+00
7.470000000000000000e+02,1.244135187482992011e+00
7.480000000000000000e+02,1.226209190066369636e+00
7.490000000000000000e+02,1.210879292405426133e+00
7.500000000000000000e+02,1.249133962753779414e+00
7.510000000000000000e+02,1.206651862255195384e+00
7.520000000000000000e+02,1.199884426017171934e+00
7.530000000000000000e+02,1.199364375405518102e+00
7.540000000000000000e+02,1.191177436263938905e+00
7.550000000000000000e+02,1.195579807433232666e+00
7.560000000000000000e+02,1.191508959627368025e+00
7.570000000000000000e+02,1.190989380921537055e+00
7.580000000000000000e+02,1.214880101780925648e+00
7.590000000000000000e+02,1.219502434339533092e+00
7.600000000000000000e+02,1.229324122231143290e+00
7.610000000000000000e+02,1.227393993880744327e+00
7.620000000000000000e+02,1.223251220278942952e+00
7.630000000000000000e+02,1.219835747274125692e+00
7.640000000000000000e+02,1.214114522567163457e+00
7.650000000000000000e+02,1.225196715652462798e+00
7.660000000000000000e+02,1.232378093385539719e+00
7.670000000000000000e+02,1.237870815994524865e+00
7.680000000000000000e+02,1.229179178632682889e+00
7.690000000000000000e+02,1.221760973951666385e+00
7.700000000000000000e+02,1.230601120252465597e+00
7.710000000000000000e+02,1.202004812753082019e+00
7.720000000000000000e+02,1.188438942657684905e+00
7.730000000000000000e+02,1.190323308460806029e+00
7.740000000000000000e+02,1.197653259413941296e+00
7.750000000000000000e+02,1.178002146392827854e+00
7.760000000000000000e+02,1.198665027362012303e+00
7.770000000000000000e+02,1.184306815291744419e+00
7.780000000000000000e+02,1.178364003166665785e+00
7.790000000000000000e+02,1.195549594281174244e+00
7.800000000000000000e+02,1.227284322694151220e+00
7.810000000000000000e+02,1.211678216133846187e+00
7.820000000000000000e+02,1.200877660394626956e+00
7.830000000000000000e+02,1.203566532021194124e+00
7.840000000000000000e+02,1.195296025500174109e+00
7.850000000000000000e+02,1.207552959378353608e+00
7.860000000000000000e+02,1.240992077977941088e+00
7.870000000000000000e+02,1.254254513823679362e+00
7.880000000000000000e+02,1.266542786415456368e+00
7.890000000000000000e+02,1.257083147260468881e+00
7.900000000000000000e+02,1.250442955585825189e+00
7.910000000000000000e+02,1.250735540098783849e+00
7.920000000000000000e+02,1.250130122304715430e+00
7.930000000000000000e+02,1.250737501826501452e+00
7.940000000000000000e+02,1.265241920454795332e+00
7.950000000000000000e+02,1.269779377172725487e+00
7.960000000000000000e+02,1.257739134179034268e+00
7.970000000000000000e+02,1.268993357686182266e+00
7.980000000000000000e+02,1.271170985107038742e+00
7.990000000000000000e+02,1.254938818764465003e+00
8.000000000000000000e+02,1.247675149601751077e+00
8.010000000000000000e+02,1.243010012088501037e+00
8.020000000000000000e+02,1.239714714159963149e+00
8.030000000000000000e+02,1.234686215544037236e+00
8.040000000000000000e+02,1.240852863082305024e+00
8.050000000000000000e+02,1.241373321489838810e+00
8.060000000000000000e+02,1.252846960308112489e+00
8.070000000000000000e+02,1.257854789873161350e+00
8.080000000000000000e+02,1.249699432126253340e+00
8.090000000000000000e+02,1.247041880693619209e+00
8.100000000000000000e+02,1.251545964750564677e+00
8.110000000000000000e+02,1.245989097680483715e+00
8.120000000000000000e+02,1.232194971950252071e+00
8.130000000000000000e+02,1.237660614154954208e+00
8.140000000000000000e+02,1.253478473770717860e+00
8.150000000000000000e+02,1.248413735291581839e+00
8.160000000000000000e+02,1.261196346504606769e+00
8.170000000000000000e+02,1.278565906803123653e+00
8.180000000000000000e+02,1.270651645694284237e+00
8.190000000000000000e+02,1.270776855521641435e+00
8.200000000000000000e+02,1.301295095543151259e+00
8.210000000000000000e+02,1.296189708035495602e+00
8.220000000000000000e+02,1.312149486375732810e+00
8.230000000000000000e+02,1.313309300691330339e+00
8.240000000000000000e+02,1.306277696627093476e+00
8.250000000000000000e+02,1.317956195253028540e+00
8.260000000000000000e+02,1.331584195265983928e+00
8.270000000000000000e+02,1.330943741215653953e+00
8.280000000000000000e+02,1.320684710635704917e+00
8.290000000000000000e+02,1.311668162542804605e+00
8.300000000000000000e+02,1.305814544343527173e+00
8.310000000000000000e+02,1.312864284965943540e+00
8.320000000000000000e+02,1.307133473822790659e+00
8.330000000000000000e+02,1.318203275687251708e+00
8.340000000000000000e+02,1.313682218889218989e+00
8.350000000000000000e+02,1.321170269561028343e+00
8.360000000000000000e+02,1.339578907035033684e+00
8.370000000000000000e+02,1.340189415032386311e+00
8.380000000000000000e+02,1.334258364259960361e+00
8.390000000000000000e+02,1.343169290437469021e+00
8.400000000000000000e+02,1.380036363745953398e+00
8.410000000000000000e+02,1.285444364533759654e+00
8.420000000000000000e+02,1.305516369233373553e+00
8.430000000000000000e+02,1.299669735057666919e+00
8.440000000000000000e+02,1.285506064558352035e+00
8.450000000000000000e+02,1.277611910088702230e+00
8.460000000000000000e+02,1.290015291203104875e+00
8.470000000000000000e+02,1.290510874034975553e+00
8.480000000000000000e+02,1.290778835293417526e+00
8.490000000000000000e+02,1.277399865120386391e+00
8.500000000000000000e+02,1.298751221441411419e+00
8.510000000000000000e+02,1.291995050996108230e+00
8.520000000000000000e+02,1.290636532325013297e+00
8.530000000000000000e+02,1.289099317531897659e+00
8.540000000000000000e+02,1.277806614743339564e+00
8.550000000000000000e+02,1.277037909677659178e+00
8.560000000000000000e+02,1.269310485002876243e+00
8.570000000000000000e+02,1.251539428179411884e+00
8.580000000000000000e+02,1.241533765952788970e+00
8.590000000000000000e+02,1.249439834681950856e+00
8.600000000000000000e+02,1.254037944271179539e+00
8.610000000000000000e+02,1.261704243041525286e+00
8.620000000000000000e+02,1.273192594946230605e+00
8.630000000000000000e+02,1.257920560095093121e+00
8.640000000000000000e+02,1.242375763136722933e+00
8.650000000000000000e+02,1.234356935319974147e+00
8.660000000000000000e+02,1.202685336357530055e+00
8.670000000000000000e+02,1.204928498117978419e+00
8.680000000000000000e+02,1.205744056774033179e+00
8.690000000000000000e+02,1.207851263609597492e+00
8.700000000000000000e+02,1.219376982731477321e+00
8.710000000000000000e+02,1.210633963059107865e+00
8.720000000000000000e+02,1.218368722702143803e+00
8.730000000000000000e+02,1.210181895441254873e+00
8.740000000000000000e+02,1.220652021772952622e+00
8.750000000000000000e+02,1.217094788420298723e+00
8.760000000000000000e+02,1.208038115906917120e+00
8.770000000000000000e+02,1.227904339667832190e+00
8.780000000000000000e+02,1.239143930528856297e+00
8.790000000000000000e+02,1.227917572609537045e+00
8.800000000000000000e+02,1.207192622122346126e+00
8.810000000000000000e+02,1.220426608623367715e+00
8.820000000000000000e+02,1.216422393266973989e+00
8.830000000000000000e+02,1.208605146383504580e+00
8.840000000000000000e+02,1.199664657955549441e+00
8.850000000000000000e+02,1.195030378210530708e+00
8.860000000000000000e+02,1.189896608977707881e+00
8.870000000000000000e+02,1.182473735571450968e+00
8.880000000000000000e+02,1.190888282525163433e+00
8.890000000000000000e+02,1.196572986328586330e+00
8.900000000000000000e+02,1.206851490420996376e+00
8.910000000000000000e+02,1.214507892235458186e+00
8.920000000000000000e+02,1.220105403412728551e+00
8.930000000000000000e+02,1.219918899804017354e+00
8.940000000000000000e+02,1.235090141625712734e+00
8.950000000000000000e+02,1.236374232988951105e+00
8.960000000000000000e+02,1.245687539067498850e+00
8.970000000000000000e+02,1.247839270534933709e+00
8.980000000000000000e+02,1.243472258161097965e+00
8.990000000000000000e+02,1.260301108903001621e+00
9.000000000000000000e+02,1.266926405736874761e+00
9.010000000000000000e+02,1.210878198994578270e+00
9.020000000000000000e+02,1.226505819514841278e+00
9.030000000000000000e+02,1.224471186854771076e+00
9.040000000000000000e+02,1.205559112688661116e+00
9.050000000000000000e+02,1.208381927291156899e+00
9.060000000000000000e+02,1.212173816212725797e+00
9.070000000000000000e+02,1.213271481707351995e+00
9.080000000000000000e+02,1.224830813339167435e+00
9.090000000000000000e+02,1.221592240940026386e+00
9.100000000000000000e+02,1.209616022453474216e+00
9.110000000000000000e+02,1.222745556004383616e+00
9.120000000000000000e+02,1.245175745544656820e+00
9.130000000000000000e+02,1.239850658100294822e+00
9.140000000000000000e+02,1.240191937754389073e+00
9.150000000000000000e+02,1.230931046882005830e+00
9.160000000000000000e+02,1.236145736971138831e+00
9.170000000000000000e+02,1.241701085033355412e+00
9.180000000000000000e+02,1.220488662509524147e+00
9.190000000000000000e+02,1.203016316255798301e+00
9.200000000000000000e+02,1.208443694654306455e+00
9.210000000000000000e+02,1.216924020647866200e+00
9.220000000000000000e+02,1.217746749031221043e+00
9.230000000000000000e+02,1.211126118771062465e+00
9.240000000000000000e+02,1.205695625903217660e+00
9.250000000000000000e+02,1.194044339120637233e+00
9.260000000000000000e+02,1.194543642046255627e+00
9.270000000000000000e+02,1.198315773413924035e+00
9.280000000000000000e+02,1.207166091512362982e+00
9.290000000000000000e+02,1.202750323699319779e+00
9.300000000000000000e+02,1.223735406398945624e+00
9.310000000000000000e+02,1.183227610494324011e+00
9.320000000000000000e+02,1.163775187545759371e+00
9.330000000000000000e+02,1.151277028282603254e+00
9.340000000000000000e+02,1.144562840104547563e+00
9.350000000000000000e+02,1.132093070273130664e+00
9.360000000000000000e+02,1.130288960471895754e+00
9.370000000000000000e+02,1.125951615847677223e+00
9.380000000000000000e+02,1.123061390960312211e+00
9.390000000000000000e+02,1.123241585235077888e+00
9.400000000000000000e+02,1.142253355305001605e+00
9.410000000000000000e+02,1.137378222354031632e+00
9.420000000000000000e+02,1.147044056683653501e+00
9.430000000000000000e+02,1.133693418890647120e+00
9.440000000000000000e+02,1.139174157526929632e+00
9.450000000000000000e+02,1.143310323789288985e+00
9.460000000000000000e+02,1.132047118108885364e+00
9.470000000000000000e+02,1.133565262021324127e+00
9.480000000000000000e+02,1.139129758928681957e+00
9.490000000000000000e+02,1.144596239686617167e+00
9.500000000000000000e+02,1.141286946703048422e+00
9.510000000000000000e+02,1.144370764239283744e+00
9.520000000000000000e+02,1.138935363229723885e+00
9.530000000000000000e+02,1.149429099484361005e+00
9.540000000000000000e+02,1.128305032463465585e+00
9.550000000000000000e+02,1.120025254768816758e+00
9.560000000000000000e+02,1.127414718502470992e+00
9.570000000000000000e+02,1.139690895352307942e+00
9.580000000000000000e+02,1.133848514005931563e+00
9.590000000000000000e+02,1.139646975120713002e+00
9.600000000000000000e+02,1.219033085123885973e+00
9.610000000000000000e+02,1.234969806682137294e+00
9.620000000000000000e+02,1.246367312683637651e+00
9.630000000000000000e+02,1.250297483099900520e+00
9.640000000000000000e+02,1.228697862184856548e+00
9.650000000000000000e+02,1.222520190297142983e+00
9.660000000000000000e+02,1.206723378493484988e+00
9.670000000000000000e+02,1.190735122037370308e+00
9.680000000000000000e+02,1.174648958547428901e+00
9.690000000000000000e+02,1.207248759720715992e+00
9.700000000000000000e+02,1.213013153172020520e+00
9.710000000000000000e+02,1.212093638938730900e+00
9.720000000000000000e+02,1.218488520650727658e+00
9.730000000000000000e+02,1.213530958052595254e+00
9.740000000000000000e+02,1.204180988731483604e+00
9.750000000000000000e+02,1.202624922836656340e+00
9.760000000000000000e+02,1.200332485025972895e+00
9.770000000000000000e+02,1.206550137094799746e+00
9.780000000000000000e+02,1.216602885220372299e+00
9.790000000000000000e+02,1.202908524867854378e+00
9.800000000000000000e+02,1.198259445779344512e+00
9.810000000000000000e+02,1.199247254950373875e+00
9.820000000000000000e+02,1.190294505923736423e+00
9.830000000000000000e+02,1.188494853008995600e+00
9.840000000000000000e+02,1.194269479665672318e+00
9.850000000000000000e+02,1.192824260823221572e+00
9.860000000000000000e+02,1.191483244874204095e+00
9.870000000000000000e+02,1.191761460113425430e+00
9.880000000000000000e+02,1.209065189053028622e+00
9.890000000000000000e+02,1.214051786203722116e+00
9.900000000000000000e+02,1.214435361370151067e+00
9.910000000000000000e+02,1.197113234050468433e+00
9.920000000000000000e+02,1.204369236259824616e+00
9.930000000000000000e+02,1.207198474647399600e+00
9.940000000000000000e+02,1.195129443974777494e+00
9.950000000000000000e+02,1.190258494132043099e+00
9.960000000000000000e+02,1.186215726389437508e+00
9.970000000000000000e+02,1.164525472234796633e+00
9.980000000000000000e+02,1.167481055070163309e+00
9.990000000000000000e+02,1.154597284509886634e+00
1.000000000000000000e+03,1.132532506456805699e+00
1.001000000000000000e+03,1.127460069508352092e+00
1.002000000000000000e+03,1.129852464856553995e+00
1.003000000000000000e+03,1.116021903125888226e+00
1.004000000000000000e+03,1.127541365586781641e+00
1.005000000000000000e+03,1.126555487142522294e+00
1.006000000000000000e+03,1.131824316488604820e+00
1.007000000000000000e+03,1.128427315784049201e+00
1.008000000000000000e+03,1.127444673640894957e+00
1.009000000000000000e+03,1.127090310820171304e+00
1.010000000000000000e+03,1.133627302623871236e+00
1.011000000000000000e+03,1.141916759857364516e+00
1.012000000000000000e+03,1.145501809368875801e+00
1.013000000000000000e+03,1.142695939426603635e+00
1.014000000000000000e+03,1.148519596591574654e+00
1.015000000000000000e+03,1.155263874906166999e+00
1.016000000000000000e+03,1.168013054393102435e+00
1.017000000000000000e+03,1.156970085825176131e+00
1.018000000000000000e+03,1.185403373225428325e+00
1.019000000000000000e+03,1.182637635251308827e+00
1.020000000000000000e+03,1.185313719062401905e+00
1.021000000000000000e+03,1.124015079312730148e+00
1.022000000000000000e+03,1.118753721036193749e+00
1.023000000000000000e+03,1.129353760980390087e+00
1.024000000000000000e+03,1.119567317752906410e+00
1.025000000000000000e+03,1.115391385831906890e+00
1.026000000000000000e+03,1.105436943159167296e+00
1.027000000000000000e+03,1.116639006802596867e+00
1.028000000000000000e+03,1.123735679841567192e+00
1.029000000000000000e+03,1.100656355870362368e+00
1.030000000000000000e+03,1.110671316045931611e+00
1.031000000000000000e+03,1.114625979674878531e+00
1.032000000000000000e+03,1.131135815860444538e+00
1.033000000000000000e+03,1.142208979457408402e+00
1.034000000000000000e+03,1.146859556714447503e+00
1.035000000000000000e+03,1.144112738058552292e+00
1.036000000000000000e+03,1.147354046231848113e+00
1.037000000000000000e+03,1.143894301337904151e+00
1.038000000000000000e+03,1.142872020389965160e+00
1.039000000000000000e+03,1.167515165514760866e+00
1.040000000000000000e+03,1.151562678747805268e+00
1.041000000000000000e+03,1.139417744978003633e+00
1.042000000000000000e+03,1.137467090924063839e+00
1.043000000000000000e+03,1.137206481535537383e+00
1.044000000000000000e+03,1.154592546624091165e+00
1.045000000000000000e+03,1.142441231561334591e+00
1.046000000000000000e+03,1.149602445745551815e+00
1.047000000000000000e+03,1.164794372830144198e+00
1.048000000000000000e+03,1.170782498659958204e+00
1.049000000000000000e+03,1.168142087428473364e+00
1.050000000000000000e+03,1.161609474129336794e+00
1.051000000000000000e+03,1.158365023244793290e+00
1.052000000000000000e+03,1.153456070144548651e+00
1.053000000000000000e+03,1.158580905328401300e+00
1.054000000000000000e+03,1.156376623902124923e+00
1.055000000000000000e+03,1.147099659541466643e+00
1.056000000000000000e+03,1.140544804633396803e+00
1.057000000000000000e+03,1.138597763264853624e+00
1.058000000000000000e+03,1.150512905504459615e+00
1.059000000000000000e+03,1.140265736765771587e+00
1.060000000000000000e+03,1.156268310796305654e+00
1.061000000000000000e+03,1.167043961914195904e+00
1.062000000000000000e+03,1.163618187899960077e+00
1.063000000000000000e+03,1.188584122634535944e+00
1.064000000000000000e+03,1.195859980038194825e+00
1.065000000000000000e+03,1.187809626670140339e+00
1.066000000000000000e+03,1.194651134444090212e+00
1.067000000000000000e+03,1.191779059782641426e+00
1.068000000000000000e+03,1.183619193713767004e+00
1.069000000000000000e+03,1.201091074001225056e+00
1.070000000000000000e+03,1.203950658507636495e+00
1.071000000000000000e+03,1.214151818992966758e+00
1.072000000000000000e+03,1.217377557683977596e+00
1.073000000000000000e+03,1.217613298342459682e+00
1.074000000000000000e+03,1.236830483588467589e+00
1.075000000000000000e+03,1.244768575635195385e+00
1.076000000000000000e+03,1.249087901002106538e+00
1.077000000000000000e+03,1.227413257540427738e+00
1.078000000000000000e+03,1.228624280891596809e+00
1.079000000000000000e+03,1.222301844283032901e+00
1.080000000000000000e+03,1.215668679771867211e+00
1.081000000000000000e+03,1.195729860325634553e+00
1.082000000000000000e+03,1.209117706411008797e+00
1.083000000000000000e+03,1.204960590356670247e+00
1.084000000000000000e+03,1.196020706509252296e+00
1.085000000000000000e+03,1.192547845865575384e+00
1.086000000000000000e+03,1.160468440492597120e+00
1.087000000000000000e+03,1.181332468063504004e+00
1.088000000000000000e+03,1.196884848133449086e+00
1.089000000000000000e+03,1.182601111445180209e+00
1.090000000000000000e+03,1.186504214878642216e+00
1.091000000000000000e+03,1.198160085523163110e+00
1.092000000000000000e+03,1.198318829036298494e+00
1.093000000000000000e+03,1.182682252602819784e+00
1.094000000000000000e+03,1.186494121044616934e+00
1.095000000000000000e+03,1.172993960069086405e+00
1.096000000000000000e+03,1.161063294992099371e+00
1.097000000000000000e+03,1.168929756442662615e+00
1.098000000000000000e+03,1.158905461408448190e+00
1.099000000000000000e+03,1.171770448451143976e+00
1.100000000000000000e+03,1.175272159013394768e+00
1.101000000000000000e+03,1.160276781045919359e+00
1.102000000000000000e+03,1.167694971265833326e+00
1.103000000000000000e+03,1.182532894400804446e+00
1.104000000000000000e+03,1.198649126517715935e+00
1.105000000000000000e+03,1.199765987881359575e+00
1.106000000000000000e+03,1.209146217458147987e+00
1.107000000000000000e+03,1.200364613821520043e+00
1.108000000000000000e+03,1.195582931603942356e+00
1.109000000000000000e+03,1.188256971689275465e+00
1.110000000000000000e+03,1.192234866326691956e+00
1.111000000000000000e+03,1.186178640410114671e+00
1.112000000000000000e+03,1.198238357712398283e+00
1.113000000000000000e+03,1.180901140037579955e+00
1.114000000000000000e+03,1.172364185551839855e+00
1.115000000000000000e+03,1.183345256804196666e+00
1.116000000000000000e+03,1.162802797445936953e+00
1.117000000000000000e+03,1.174137713885197165e+00
1.118000000000000000e+03,1.177265692187765111e+00
1.119000000000000000e+03,1.162498947788540793e+00
1.120000000000000000e+03,1.159683284714406293e+00
1.121000000000000000e+03,1.168229135073922897e+00
1.122000000000000000e+03,1.183307197139556788e+00
1.123000000000000000e+03,1.182794310738951138e+00
1.124000000000000000e+03,1.197968277758562516e+00
1.125000000000000000e+03,1.201785896500787931e+00
1.126000000000000000e+03,1.208501034891693360e+00
1.127000000000000000e+03,1.202058107303950685e+00
1.128000000000000000e+03,1.201895921352083008e+00
1.129000000000000000e+03,1.207550107016455820e+00
1.130000000000000000e+03,1.212509782430142513e+00
1.131000000000000000e+03,1.212035211797894085e+00
1.132000000000000000e+03,1.206386926277486671e+00
1.133000000000000000e+03,1.216936909071293149e+00
1.134000000000000000e+03,1.198671065587785023e+00
1.135000000000000000e+03,1.203453187277121916e+00
1.136000000000000000e+03,1.224505317576816799e+00
1.137000000000000000e+03,1.215205267872513595e+00
1.138000000000000000e+03,1.242203006248507657e+00
1.139000000000000000e+03,1.245971303445559952e+00
1.140000000000000000e+03,1.256042822317599672e+00
1.141000000000000000e+03,1.215920472255900719e+00
1.142000000000000000e+03,1.201673298707103710e+00
1.143000000000000000e+03,1.225639678507162600e+00
1.144000000000000000e+03,1.229873267510931178e+00
1.145000000000000000e+03,1.224912964543751759e+00
1.146000000000000000e+03,1.240869372393421433e+00
1.147000000000000000e+03,1.228770862885998127e+00
1.148000000000000000e+03,1.223539720769960759e+00
1.149000000000000000e+03,1.230921674441264546e+00
1.150000000000000000e+03,1.235390449392423484e+00
1.151000000000000000e+03,1.227952078613813613e+00
1.152000000000000000e+03,1.237744422289028368e+00
1.153000000000000000e+03,1.225993612250980913e+00
1.154000000000000000e+03,1.232453302893374403e+00
1.155000000000000000e+03,1.227355034325665395e+00
1.156000000000000000e+03,1.230961399209052010e+00
1.157000000000000000e+03,1.250302856503769267e+00
1.158000000000000000e+03,1.241088911987770826e+00
1.159000000000000000e+03,1.236967116853316062e+00
1.160000000000000000e+03,1.237212959782566957e+00
1.161000000000000000e+03,1.228216298488997493e+00
1.162000000000000000e+03,1.223619772817997386e+00
1.163000000000000000e+03,1.226942797391558093e+00
1.164000000000000000e+03,1.248180740633158203e+00
1.165000000000000000e+03,1.238758539990115759e+00
1.166000000000000000e+03,1.239106751698639597e+00
1.167000000000000000e+03,1.240024278144796099e+00
1.168000000000000000e+03,1.232713523421025137e+00
1.169000000000000000e+03,1.249373252095669073e+00
1.170000000000000000e+03,1.305352500017381345e+00
1.171000000000000000e+03,1.318293526082980449e+00
1.172000000000000000e+03,1.322341136449804999e+00
1.173000000000000000e+03,1.323809104869944742e+00
1.174000000000000000e+03,1.331110804706633788e+00
1.175000000000000000e+03,1.332376614898473255e+00
1.176000000000000000e+03,1.313050104796605888e+00
1.177000000000000000e+03,1.306358927559675420e+00
1.178000000000000000e+03,1.298509777141479304e+00
1.179000000000000000e+03,1.298017822807499444e+00
1.180000000000000000e+03,1.273254630519218278e+00
1.181000000000000000e+03,1.257432930531318993e+00
1.182000000000000000e+03,1.263236639619924828e+00
1.183000000000000000e+03,1.259789950709973461e+00
1.184000000000000000e+03,1.241560256268492202e+00
1.185000000000000000e+03,1.254555966223547703e+00
1.186000000000000000e+03,1.254463743544571797e+00
1.187000000000000000e+03,1.258219232896270467e+00
1.188000000000000000e+03,1.272240023359755057e+00
1.189000000000000000e+03,1.252477813857364231e+00
1.190000000000000000e+03,1.246663723363202303e+00
1.191000000000000000e+03,1.257061363510729279e+00
1.192000000000000000e+03,1.243859193177327516e+00
1.193000000000000000e+03,1.241275879254151837e+00
1.194000000000000000e+03,1.238050656694791973e+00
1.195000000000000000e+03,1.220284383221234892e+00
1.196000000000000000e+03,1.227980344735745577e+00
1.197000000000000000e+03,1.231607139416816876e+00
1.198000000000000000e+03,1.218659249749510787e+00
1.199000000000000000e+03,1.232261501452409425e+00
1.200000000000000000e+03,1.235310492463932874e+00
1.201000000000000000e+03,1.197494173555720742e+00
1.202000000000000000e+03,1.203262270406795453e+00
1.203000000000000000e+03,1.201341871729757926e+00
1.204000000000000000e+03,1.214240290101353148e+00
1.205000000000000000e+03,1.201666256908723085e+00
1.206000000000000000e+03,1.193464058063595123e+00
1.207000000000000000e+03,1.187862225628984802e+00
1.208000000000000000e+03,1.191236417446700280e+00
1.209000000000000000e+03,1.198258659582895014e+00
1.210000000000000000e+03,1.201123612312708477e+00
1.211000000000000000e+03,1.208048599050030258e+00
1.212000000000000000e+03,1.223260878595126222e+00
1.213000000000000000e+03,1.238928549447494198e+00
1.214000000000000000e+03,1.234836647938893250e+00
1.215000000000000000e+03,1.241507774428114441e+00
1.216000000000000000e+03,1.246012133537420574e+00
1.217000000000000000e+03,1.236506283697470954e+00
1.218000000000000000e+03,1.230106076024099826e+00
1.219000000000000000e+03,1.232933450191320279e+00
1.220000000000000000e+03,1.232227940613244588e+00
1.221000000000000000e+03,1.232643802209995254e+00
1.222000000000000000e+03,1.238143736379933468e+00
1.223000000000000000e+03,1.217958725382936258e+00
1.224000000000000000e+03,1.220438470121488761e+00
1.225000000000000000e+03,1.236751619996888207e+00
1.226000000000000000e+03,1.219343034617727195e+00
1.227000000000000000e+03,1.217338834989017737e+00
1.228000000000000000e+03,1.207494820652597944e+00
1.229000000000000000e+03,1.184805328710901051e+00
1.230000000000000000e+03,1.187438791661841186e+00
1.231000000000000000e+03,1.165704343422628853e+00
1.232000000000000000e+03,1.162954181746645554e+00
1.233000000000000000e+03,1.157477802275955536e+00
1.234000000000000000e+03,1.151196774255923261e+00
1.235000000000000000e+03,1.149474816804508359e+00
1.236000000000000000e+03,1.154412242839200076e+00
1.237000000000000000e+03,1.156675286689028415e+00
1.238000000000000000e+03,1.173488938623109767e+00
1.239000000000000000e+03,1.168803806577983329e+00
1.240000000000000000e+03,1.173752452413247660e+00
1.241000000000000000e+03,1.168631948566220657e+00
1.242000000000000000e+03,1.182958401371769774e+00
1.243000000000000000e+03,1.168293694220930989e+00
1.244000000000000000e+03,1.177378074867122537e+00
1.245000000000000000e+03,1.180893654853347297e+00
1.246000000000000000e+03,1.181095745597625646e+00
1.247000000000000000e+03,1.192135210348239438e+00
1.248000000000000000e+03,1.205932028534992373e+00
1.249000000000000000e+03,1.181828004645201657e+00
1.250000000000000000e+03,1.199311019885443308e+00
1.251000000000000000e+03,1.205802475995285672e+00
1.252000000000000000e+03,1.206598876861524117e+00
1.253000000000000000e+03,1.186983856882299904e+00
1.254000000000000000e+03,1.184107618486114788e+00
1.255000000000000000e+03,1.184788123123759584e+00
1.256000000000000000e+03,1.155365187096937918e+00
1.257000000000000000e+03,1.152295797856641046e+00
1.258000000000000000e+03,1.168050239853507088e+00
1.259000000000000000e+03,1.159109737234673698e+00
1.260000000000000000e+03,1.207961303854200752e+00
1.261000000000000000e+03,1.200546041865331537e+00
1.262000000000000000e+03,1.188679638144094497e+00
1.263000000000000000e+03,1.197650519764283716e+00
1.264000000000000000e+03,1.208631583736188508e+00
1.265000000000000000e+03,1.186527552045747447e+00
1.266000000000000000e+03,1.190880696352822010e+00
1.267000000000000000e+03,1.176956595852523435e+00
1.268000000000000000e+03,1.163025519804572250e+00
1.269000000000000000e+03,1.174561253642493197e+00
1.270000000000000000e+03,1.176308754322683114e+00
1.271000000000000000e+03,1.180478593429478806e+00
1.272000000000000000e+03,1.179075942622596074e+00
1.273000000000000000e+03,1.169344353150182370e+00
1.274000000000000000e+03,1.158309713943610708e+00
1.275000000000000000e+03,1.143881992192921082e+00
1.276000000000000000e+03,1.145665511731371877e+00
1.277000000000000000e+03,1.147013921499735911e+00
1.278000000000000000e+03,1.155003938448722733e+00
1.279000000000000000e+03,1.147739582890062504e+00
1.280000000000000000e+03,1.149420886291101507e+00
1.281000000000000000e+03,1.145899918866836398e+00
1.282000000000000000e+03,1.146335902660547745e+00
1.283000000000000000e+03,1.136445131976730583e+00
1.284000000000000000e+03,1.144682334828450276e+00
1.285000000000000000e+03,1.145978062272367426e+00
1.286000000000000000e+03,1.143009929533582270e+00
1.287000000000000000e+03,1.152596085354497646e+00
1.288000000000000000e+03,1.158236420787243981e+00
1.289000000000000000e+03,1.149606971604337557e+00
1.290000000000000000e+03,1.205395230693291131e+00
1.291000000000000000e+03,1.170599693172772016e+00
1.292000000000000000e+03,1.168599946144156076e+00
1.293000000000000000e+03,1.167485522749055926e+00
1.294000000000000000e+03,1.158415962233300123e+00
1.295000000000000000e+03,1.156050975205035636e+00
1.296000000000000000e+03,1.141958673041523209e+00
1.297000000000000000e+03,1.158229449888431351e+00
1.298000000000000000e+03,1.175355433285608209e+00
1.299000000000000000e+03,1.175716760844919939e+00
1.300000000000000000e+03,1.171608714574529309e+00
1.301000000000000000e+03,1.194554954431066740e+00
1.302000000000000000e+03,1.191626579622790505e+00
1.303000000000000000e+03,1.188162127800300283e+00
1.304000000000000000e+03,1.197210851838575785e+00
1.305000000000000000e+03,1.175024607513675656e+00
1.306000000000000000e+03,1.182074074753670212e+00
1.307000000000000000e+03,1.170663621243903441e+00
1.308000000000000000e+03,1.156358286311990780e+00
1.309000000000000000e+03,1.168472852465622713e+00
1.310000000000000000e+03,1.174368506643782117e+00
1.311000000000000000e+03,1.177144631847889089e+00
1.312000000000000000e+03,1.176150531938719990e+00
1.313000000000000000e+03,1.193692078042997373e+00
1.314000000000000000e+03,1.205283207615364560e+00
1.315000000000000000e+03,1.211861544953796388e+00
1.316000000000000000e+03,1.211087977952935768e+00
1.317000000000000000e+03,1.219824828220803958e+00
1.318000000000000000e+03,1.211324468431922208e+00
1.319000000000000000e+03,1.216037003967781027e+00
1.320000000000000000e+03,1.251353216556590375e+00
1.321000000000000000e+03,1.261646108050172188e+00
1.322000000000000000e+03,1.241972158902854062e+00
1.323000000000000000e+03,1.246705402576935739e+00
1.324000000000000000e+03,1.227416513853086144e+00
1.325000000000000000e+03,1.251604287131613091e+00
1.326000000000000000e+03,1.258883379830422200e+00
1.327000000000000000e+03,1.251456648068597133e+00
1.328000000000000000e+03,1.267207312195751001e+00
1.329000000000000000e+03,1.258127274802291140e+00
1.330000000000000000e+03,1.263572242190548423e+00
1.331000000000000000e+03,1.281453164198865124e+00
1.332000000000000000e+03,1.319733018920032919e+00
1.333000000000000000e+03,1.319414731726965329e+00
1.334000000000000000e+03,1.323793666880646924e+00
1.335000000000000000e+03,1.332980978828572916e+00
1.336000000000000000e+03,1.323679132923643920e+00
1.337000000000000000e+03,1.332312149927702194e+00
1.338000000000000000e+03,1.329821102671758126e+00
1.339000000000000000e+03,1.333479044663818058e+00
1.340000000000000000e+03,1.327571189077389135e+00
1.341000000000000000e+03,1.312513996419966134e+00
1.342000000000000000e+03,1.310327721768317133e+00
1.343000000000000000e+03,1.304452913189379615e+00
1.344000000000000000e+03,1.285063498804447590e+00
1.345000000000000000e+03,1.302777606650124653e+00
1.346000000000000000e+03,1.286351163336121317e+00
1.347000000000000000e+03,1.274824822981145189e+00
1.348000000000000000e+03,1.281913472465021187e+00
1.349000000000000000e+03,1.274729022889005137e+00
1.350000000000000000e+03,1.296195643270150022e+00
1.351000000000000000e+03,1.335119392934984717e+00
1.352000000000000000e+03,1.355003027685825145e+00
1.353000000000000000e+03,1.350884915184224155e+00
1.354000000000000000e+03,1.348108921967650531e+00
1.355000000000000000e+03,1.349957417054611142e+00
1.356000000000000000e+03,1.362340726682532477e+00
1.357000000000000000e+03,1.340876183023965496e+00
1.358000000000000000e+03,1.371935932129645153e+00
1.359000000000000000e+03,1.380836781199377583e+00
1.360000000000000000e+03,1.376259095882460315e+00
1.361000000000000000e+03,1.388419206177786691e+00
1.362000000000000000e+03,1.394421242089720181e+00
1.363000000000000000e+03,1.390119349535325455e+00
1.364000000000000000e+03,1.399221731150646519e+00
1.365000000000000000e+03,1.401126362354261801e+00
1.366000000000000000e+03,1.406567861400162656e+00
1.367000000000000000e+03,1.399823661006394104e+00
1.368000000000000000e+03,1.397122112911802105e+00
1.369000000000000000e+03,1.395351384152945684e+00
1.370000000000000000e+03,1.404624523594293350e+00
1.371000000000000000e+03,1.402695178873727855e+00
1.372000000000000000e+03,1.400712627433222224e+00
1.373000000000000000e+03,1.405276276765562216e+00
1.374000000000000000e+03,1.425526110574992344e+00
1.375000000000000000e+03,1.411643136270413379e+00
1.376000000000000000e+03,1.427300576898460349e+00
1.377000000000000000e+03,1.428163587627977904e+00
1.378000000000000000e+03,1.420781627977930839e+00
1.379000000000000000e+03,1.434875344906231476e+00
1.380000000000000000e+03,1.441361576625997287e+00
1.381000000000000000e+03,1.393256819139896630e+00
1.382000000000000000e+03,1.388322005491826605e+00
1.383000000000000000e+03,1.385283465999752384e+00
1.384000000000000000e+03,1.375036409312646590e+00
1.385000000000000000e+03,1.365984888509233164e+00
1.386000000000000000e+03,1.365996477536501441e+00
1.387000000000000000e+03,1.350620191391671110e+00
1.388000000000000000e+03,1.358440984673220608e+00
1.389000000000000000e+03,1.358981142272232212e+00
1.390000000000000000e+03,1.351598612440284342e+00
1.391000000000000000e+03,1.354794603862064628e+00
1.392000000000000000e+03,1.356113747473600917e+00
1.393000000000000000e+03,1.355603792366395721e+00
1.394000000000000000e+03,1.355399691099878456e+00
1.395000000000000000e+03,1.370312613606045948e+00
1.396000000000000000e+03,1.368724679935991118e+00
1.397000000000000000e+03,1.360618203156765293e+00
1.398000000000000000e+03,1.365124141102368904e+00
1.399000000000000000e+03,1.379943118814753067e+00
1.400000000000000000e+03,1.374230243307565935e+00
1.401000000000000000e+03,1.368599765787843481e+00
1.402000000000000000e+03,1.366880879781665392e+00
1.403000000000000000e+03,1.368953724229510227e+00
1.404000000000000000e+03,1.372366482293871259e+00
1.405000000000000000e+03,1.386563316816244118e+00
1.406000000000000000e+03,1.391395810633113017e+00
1.407000000000000000e+03,1.397385265431815959e+00
1.408000000000000000e+03,1.378774976836541377e+00
1.409000000000000000e+03,1.380692296663269980e+00
1.410000000000000000e+03,1.386784580828335889e+00
1.411000000000000000e+03,1.364623134482826572e+00
1.412000000000000000e+03,1.377738922382604869e+00
1.413000000000000000e+03,1.370481434708608504e+00
1.414000000000000000e+03,1.361268540561468399e+00
1.415000000000000000e+03,1.360440879847828910e+00
1.416000000000000000e+03,1.369185043101651900e+00
1.417000000000000000e+03,1.379382263002980835e+00
1.418000000000000000e+03,1.375733408947098724e+00
1.419000000000000000e+03,1.373753142772102365e+00
1.420000000000000000e+03,1.381896198950698817e+00
1.421000000000000000e+03,1.367771491888333912e+00
1.422000000000000000e+03,1.355721063142937055e+00
1.423000000000000000e+03,1.343101364677067977e+00
1.424000000000000000e+03,1.334056041131816528e+00
1.425000000000000000e+03,1.324631563086768438e+00
1.426000000000000000e+03,1.296900911626153174e+00
1.427000000000000000e+03,1.300925490348618041e+00
1.428000000000000000e+03,1.308877260606095660e+00
1.429000000000000000e+03,1.313001525807067082e+00
1.430000000000000000e+03,1.337611208191219703e+00
1.431000000000000000e+03,1.332321584322926356e+00
1.432000000000000000e+03,1.332757721169173237e+00
1.433000000000000000e+03,1.332364432021677203e+00
1.434000000000000000e+03,1.333180539441627843e+00
1.435000000000000000e+03,1.344412603699765896e+00
1.436000000000000000e+03,1.346445808027738167e+00
1.437000000000000000e+03,1.354058681324204372e+00
1.438000000000000000e+03,1.343884827138253968e+00
1.439000000000000000e+03,1.327863384975898953e+00
1.440000000000000000e+03,1.357269843981843138e+00
1.441000000000000000e+03,1.357245144267095416e+00
1.442000000000000000e+03,1.353825505822220165e+00
1.443000000000000000e+03,1.370127750124986221e+00
1.444000000000000000e+03,1.373620552257427185e+00
1.445000000000000000e+03,1.378434476712014689e+00
1.446000000000000000e+03,1.356691524034452589e+00
1.447000000000000000e+03,1.357744550446586151e+00
1.448000000000000000e+03,1.330465874134954651e+00
1.449000000000000000e+03,1.324783966168373128e+00
1.450000000000000000e+03,1.308640246357599013e+00
1.451000000000000000e+03,1.312910963426743072e+00
1.452000000000000000e+03,1.321095837345581447e+00
1.453000000000000000e+03,1.306990715203528719e+00
1.454000000000000000e+03,1.299254080076934770e+00
1.455000000000000000e+03,1.307249615116896857e+00
1.456000000000000000e+03,1.308996032642348650e+00
1.457000000000000000e+03,1.317824786257309144e+00
1.458000000000000000e+03,1.309304496608205248e+00
1.459000000000000000e+03,1.306700020582936883e+00
1.460000000000000000e+03,1.305327343002282925e+00
1.461000000000000000e+03,1.294447570669648773e+00
1.462000000000000000e+03,1.300682241151239316e+00
1.463000000000000000e+03,1.310618402379070346e+00
1.464000000000000000e+03,1.313991170212068793e+00
1.465000000000000000e+03,1.316240307365547757e+00
1.466000000000000000e+03,1.341826733873837663e+00
1.467000000000000000e+03,1.339245928450065293e+00
1.468000000000000000e+03,1.343228054703294427e+00
1.469000000000000000e+03,1.350965260143586644e+00
1.470000000000000000e+03,1.366560255751336106e+00
1.471000000000000000e+03,1.353126156700743543e+00
1.472000000000000000e+03,1.364711136695058613e+00
1.473000000000000000e+03,1.346499787873841614e+00
1.474000000000000000e+03,1.364299428866370567e+00
1.475000000000000000e+03,1.360042508157517149e+00
1.476000000000000000e+03,1.347994339015770926e+00
1.477000000000000000e+03,1.328091571096881474e+00
1.478000000000000000e+03,1.319798804643113055e+00
1.479000000000000000e+03,1.315217198753666716e+00
1.480000000000000000e+03,1.341219396609905301e+00
1.481000000000000000e+03,1.335814187517075480e+00
1.482000000000000000e+03,1.335877461910722763e+00
1.483000000000000000e+03,1.327582876478637930e+00
1.484000000000000000e+03,1.316373222442168256e+00
1.485000000000000000e+03,1.317594866288432254e+00
1.486000000000000000e+03,1.343112323889351867e+00
1.487000000000000000e+03,1.335656400256012288e+00
1.488000000000000000e+03,1.332044722492961908e+00
1.489000000000000000e+03,1.316669399019456455e+00
1.490000000000000000e+03,1.352437754089127253e+00
1.491000000000000000e+03,1.340515603773787312e+00
1.492000000000000000e+03,1.357912846723578815e+00
1.493000000000000000e+03,1.360385301380625300e+00
1.494000000000000000e+03,1.355237580579659262e+00
1.495000000000000000e+03,1.355998650949683082e+00
1.496000000000000000e+03,1.372664723161419520e+00
1.497000000000000000e+03,1.358176666755175566e+00
1.498000000000000000e+03,1.354354298530822787e+00
1.499000000000000000e+03,1.359532790892112653e+00
1.500000000000000000e+03,1.438610499013940558e+00
1.501000000000000000e+03,1.404590871936079566e+00
1.502000000000000000e+03,1.401622726067444091e+00
1.503000000000000000e+03,1.389024170034645067e+00
1.504000000000000000e+03,1.385362600552298318e+00
1.505000000000000000e+03,1.395542220753895890e+00
1.506000000000000000e+03,1.377323148262348695e+00
1.507000000000000000e+03,1.380519103677215753e+00
1.508000000000000000e+03,1.374480007013744398e+00
1.509000000000000000e+03,1.358677644716181021e+00
1.510000000000000000e+03,1.350592304636393237e+00
1.511000000000000000e+03,1.351601445124515521e+00
1.512000000000000000e+03,1.355233480571996552e+00
1.513000000000000000e+03,1.352465161256759529e+00
1.514000000000000000e+03,1.365837737778747396e+00
1.515000000000000000e+03,1.395815774412312749e+00
1.516000000000000000e+03,1.392867625356529970e+00
1.517000000000000000e+03,1.386201226700450206e+00
1.518000000000000000e+03,1.393336537541472353e+00
1.519000000000000000e+03,1.378687328587375305e+00
1.520000000000000000e+03,1.369419558388699443e+00
1.521000000000000000e+03,1.358000427611386840e+00
1.522000000000000000e+03,1.349171030317165787e+00
1.523000000000000000e+03,1.361939846049153857e+00
1.524000000000000000e+03,1.359356072777472946e+00
1.525000000000000000e+03,1.385128027468681466e+00
1.526000000000000000e+03,1.398132126204927772e+00
1.527000000000000000e+03,1.413104235018636246e+00
1.528000000000000000e+03,1.426459959979638370e+00
1.529000000000000000e+03,1.439233819512992341e+00
1.530000000000000000e+03,1.394446099102900183e+00
1.531000000000000000e+03,1.391419496065736894e+00
1.532000000000000000e+03,1.382308868312975392e+00
1.533000000000000000e+03,1.359889272636792157e+00
1.534000000000000000e+03,1.385646919382907072e+00
1.535000000000000000e+03,1.346785764869309787e+00
1.536000000000000000e+03,1.364789649333260968e+00
1.537000000000000000e+03,1.374000132497712912e+00
1.538000000000000000e+03,1.364385578250903563e+00
1.539000000000000000e+03,1.371578424301560517e+00
1.540000000000000000e+03,1.385327806373879866e+00
1.541000000000000000e+03,1.387414361229048154e+00
1.542000000000000000e+03,1.381923619524513924e+00
1.543000000000000000e+03,1.374937214037117883e+00
1.544000000000000000e+03,1.369086378729434728e+00
1.545000000000000000e+03,1.355149216693007475e+00
1.546000000000000000e+03,1.365598828462907477e+00
1.547000000000000000e+03,1.353306618081887791e+00
1.548000000000000000e+03,1.343088516581246949e+00
1.549000000000000000e+03,1.362470866322610163e+00
1.550000000000000000e+03,1.331391862655436853e+00
1.551000000000000000e+03,1.343595735462258745e+00
1.552000000000000000e+03,1.358337128484663481e+00
1.553000000000000000e+03,1.340427651138270448e+00
1.554000000000000000e+03,1.337275946661748094e+00
1.555000000000000000e+03,1.341402568701823839e+00
1.556000000000000000e+03,1.318653085200367059e+00
1.557000000000000000e+03,1.328961980211261107e+00
1.558000000000000000e+03,1.339377301994773006e+00
1.559000000000000000e+03,1.343651072288366777e+00
1.560000000000000000e+03,1.346841637040891326e+00
1.561000000000000000e+03,1.364577883532547276e+00
1.562000000000000000e+03,1.360187489874533640e+00
1.563000000000000000e+03,1.378167514995084275e+00
1.564000000000000000e+03,1.385169088927568737e+00
1.565000000000000000e+03,1.373130993509676046e+00
1.566000000000000000e+03,1.377167895969478195e+00
1.567000000000000000e+03,1.364041651267825728e+00
1.568000000000000000e+03,1.359534139927518481e+00
1.569000000000000000e+03,1.368835823026529397e+00
1.570000000000000000e+03,1.355993760793808178e+00
1.571000000000000000e+03,1.383237629202994867e+00
1.572000000000000000e+03,1.374381759373818568e+00
1.573000000000000000e+03,1.367920002177015704e+00
1.574000000000000000e+03,1.366047547373227644e+00
1.575000000000000000e+03,1.362777566220302106e+00
1.576000000000000000e+03,1.381141245757362412e+00
1.577000000000000000e+03,1.367283100420991104e+00
1.578000000000000000e+03,1.364502035978830463e+00
1.579000000000000000e+03,1.364556985234457898e+00
1.580000000000000000e+03,1.351077372176177960e+00
1.581000000000000000e+03,1.357398815699752959e+00
1.582000000000000000e+03,1.358574210930328263e+00
1.583000000000000000e+03,1.354748576110068825e+00
1.584000000000000000e+03,1.369338513510683697e+00
1.585000000000000000e+03,1.358051400310614554e+00
1.586000000000000000e+03,1.345006269703617363e+00
1.587000000000000000e+03,1.333668236323092060e+00
1.588000000000000000e+03,1.330690191236271858e+00
1.589000000000000000e+03,1.350482389020498886e+00
1.590000000000000000e+03,1.359136386793882822e+00
1.591000000000000000e+03,1.323852315741532948e+00
1.592000000000000000e+03,1.339925289595157665e+00
1.593000000000000000e+03,1.315271152546301892e+00
1.594000000000000000e+03,1.272716478464644752e+00
1.595000000000000000e+03,1.265810995889296464e+00
1.596000000000000000e+03,1.268757399688183796e+00
1.597000000000000000e+03,1.249420674907469220e+00
1.598000000000000000e+03,1.285793934610410361e+00
1.599000000000000000e+03,1.305559773870299978e+00
1.600000000000000000e+03,1.297474019211676932e+00
1.601000000000000000e+03,1.315073940582806244e+00
1.602000000000000000e+03,1.307550074885512004e+00
1.603000000000000000e+03,1.292419473339577962e+00
1.604000000000000000e+03,1.306280651807810500e+00
1.605000000000000000e+03,1.299174885185038875e+00
1.606000000000000000e+03,1.296941901043737744e+00
1.607000000000000000e+03,1.281361443278001389e+00
1.608000000000000000e+03,1.284264189816440194e+00
1.609000000000000000e+03,1.271488491618129046e+00
1.610000000000000000e+03,1.260635768824613479e+00
1.611000000000000000e+03,1.279760103659555170e+00
1.612000000000000000e+03,1.267497237985480751e+00
1.613000000000000000e+03,1.257184138852153410e+00
1.614000000000000000e+03,1.270403188453201437e+00
1.615000000000000000e+03,1.278916741383909539e+00
1.616000000000000000e+03,1.299439696558238211e+00
1.617000000000000000e+03,1.296442143454441975e+00
1.618000000000000000e+03,1.276900065065547096e+00
1.619000000000000000e+03,1.281341343422582213e+00
1.620000000000000000e+03,1.309806028306989667e+00
1.621000000000000000e+03,1.312350018507913774e+00
1.622000000000000000e+03,1.306775138239345324e+00
1.623000000000000000e+03,1.307814986209677954e+00
1.624000000000000000e+03,1.316972562726959950e+00
1.625000000000000000e+03,1.340006815931701567e+00
1.626000000000000000e+03,1.350823326064073626e+00
1.627000000000000000e+03,1.341180369917310600e+00
1.628000000000000000e+03,1.348283874437129271e+00
1.629000000000000000e+03,1.337286524472801830e+00
1.630000000000000000e+03,1.350566971609850953e+00
1.631000000000000000e+03,1.347415989572027684e+00
1.632000000000000000e+03,1.349323890480491173e+00
1.633000000000000000e+03,1.340028202452231199e+00
1.634000000000000000e+03,1.315308855588227743e+00
1.635000000000000000e+03,1.321853116140118800e+00
1.636000000000000000e+03,1.323594953549900310e+00
1.637000000000000000e+03,1.320379242620219884e+00
1.638000000000000000e+03,1.327246605929531142e+00
1.639000000000000000e+03,1.329530551391826521e+00
1.640000000000000000e+03,1.330274175742033549e+00
1.641000000000000000e+03,1.323905033146502319e+00
1.642000000000000000e+03,1.324526761105744299e+00
1.643000000000000000e+03,1.341846076056299353e+00
1.644000000000000000e+03,1.345299628625525656e+00
1.645000000000000000e+03,1.342459655890706927e+00
1.646000000000000000e+03,1.329307722244720935e+00
1.647000000000000000e+03,1.335934022841001934e+00
1.648000000000000000e+03,1.319077051280828528e+00
1.649000000000000000e+03,1.326542413142078658e+00
1.650000000000000000e+03,1.340552610811522882e+00
1.651000000000000000e+03,1.367901229192890922e+00
1.652000000000000000e+03,1.363982834759683849e+00
1.653000000000000000e+03,1.401057604515309807e+00
1.654000000000000000e+03,1.399011557098544634e+00
1.655000000000000000e+03,1.390772102515920983e+00
1.656000000000000000e+03,1.392785529450823789e+00
1.657000000000000000e+03,1.390426104935902352e+00
1.658000000000000000e+03,1.403282347573651112e+00
1.659000000000000000e+03,1.390367041870218090e+00
1.660000000000000000e+03,1.395942361020604983e+00
1.661000000000000000e+03,1.384139451826322142e+00
1.662000000000000000e+03,1.365959684959047404e+00
1.663000000000000000e+03,1.380625470996222681e+00
1.664000000000000000e+03,1.376191853160095846e+00
1.665000000000000000e+03,1.386845973311296998e+00
1.666000000000000000e+03,1.371558075435579616e+00
1.667000000000000000e+03,1.372637918816291824e+00
1.668000000000000000e+03,1.376656685911935796e+00
1.669000000000000000e+03,1.371743649808368382e+00
1.670000000000000000e+03,1.368692081994451026e+00
1.671000000000000000e+03,1.368390873828921217e+00
1.672000000000000000e+03,1.353610968585902130e+00
1.673000000000000000e+03,1.373406537547929407e+00
1.674000000000000000e+03,1.367254082529273385e+00
1.675000000000000000e+03,1.351734850229048712e+00
1.676000000000000000e+03,1.367183894094537999e+00
1.677000000000000000e+03,1.385152428919109502e+00
1.678000000000000000e+03,1.385762681165018995e+00
1.679000000000000000e+03,1.384039123219692913e+00
1.680000000000000000e+03,1.386816313187952732e+00
1.681000000000000000e+03,1.305255044407053644e+00
1.682000000000000000e+03,1.311183643539245436e+00
1.683000000000000000e+03,1.309774016804707175e+00
1.684000000000000000e+03,1.295500207185932284e+00
1.685000000000000000e+03,1.305835938562847964e+00
1.686000000000000000e+03,1.317834774484146543e+00
1.687000000000000000e+03,1.296419248030719062e+00
1.688000000000000000e+03,1.307376591123431631e+00
1.689000000000000000e+03,1.275439255232886149e+00
1.690000000000000000e+03,1.276074736930455700e+00
1.691000000000000000e+03,1.273444750948486526e+00
1.692000000000000000e+03,1.253367820999852666e+00
1.693000000000000000e+03,1.259511241253912672e+00
1.694000000000000000e+03,1.253795635221914617e+00
1.695000000000000000e+03,1.249417506330224859e+00
1.696000000000000000e+03,1.252897230863816880e+00
1.697000000000000000e+03,1.249323254144075968e+00
1.698000000000000000e+03,1.268619489578775905e+00
1.699000000000000000e+03,1.274229564488586819e+00
1.700000000000000000e+03,1.269698994938654568e+00
1.701000000000000000e+03,1.274824873416860571e+00
1.702000000000000000e+03,1.271743117375611076e+00
1.703000000000000000e+03,1.279832470702377822e+00
1.704000000000000000e+03,1.279395281461866762e+00
1.705000000000000000e+03,1.283562420473679744e+00
1.706000000000000000e+03,1.286726712455237953e+00
1.707000000000000000e+03,1.289720348448228693e+00
1.708000000000000000e+03,1.290360153941245036e+00
1.709000000000000000e+03,1.303189570877809178e+00
1.710000000000000000e+03,1.352597042934674976e+00
1.711000000000000000e+03,1.328266178408512133e+00
1.712000000000000000e+03,1.319806609789566210e+00
1.713000000000000000e+03,1.326307640833192636e+00
1.714000000000000000e+03,1.318821211447584574e+00
1.715000000000000000e+03,1.326224600360546901e+00
1.716000000000000000e+03,1.322174172511267898e+00
1.717000000000000000e+03,1.316795223159260786e+00
1.718000000000000000e+03,1.305567708074704569e+00
1.719000000000000000e+03,1.305195044765923740e+00
1.720000000000000000e+03,1.308558002476956972e+00
1.721000000000000000e+03,1.303188685839131722e+00
1.722000000000000000e+03,1.312203789553905153e+00
1.723000000000000000e+03,1.304769023967310204e+00
1.724000000000000000e+03,1.295371593994559589e+00
1.725000000000000000e+03,1.295785467949599479e+00
1.726000000000000000e+03,1.286550901052123663e+00
1.727000000000000000e+03,1.289376241255240529e+00
1.728000000000000000e+03,1.300918287269951179e+00
1.729000000000000000e+03,1.278801573925420598e+00
1.730000000000000000e+03,1.283030458418807029e+00
1.731000000000000000e+03,1.304257415788242724e+00
1.732000000000000000e+03,1.286084720253256819e+00
1.733000000000000000e+03,1.269352445324329892e+00
1.734000000000000000e+03,1.275284754541189614e+00
1.735000000000000000e+03,1.267606376521371203e+00
1.736000000000000000e+03,1.254488600194918035e+00
1.737000000000000000e+03,1.267215529044733557e+00
1.738000000000000000e+03,1.260443133589888021e+00
1.739000000000000000e+03,1.274710677322445918e+00
1.740000000000000000e+03,1.299196305179293631e+00
1.741000000000000000e+03,1.291215512202128712e+00
1.742000000000000000e+03,1.295345341974762254e+00
1.743000000000000000e+03,1.297077096916230632e+00
1.744000000000000000e+03,1.288714579777285874e+00
1.745000000000000000e+03,1.308222397833430639e+00
1.746000000000000000e+03,1.310827259815322110e+00
1.747000000000000000e+03,1.301740072432458151e+00
1.748000000000000000e+03,1.306484523174789025e+00
1.749000000000000000e+03,1.305185178930904355e+00
1.750000000000000000e+03,1.293349440323211086e+00
1.751000000000000000e+03,1.302304647187979558e+00
1.752000000000000000e+03,1.330260991450539665e+00
1.753000000000000000e+03,1.337940946256922947e+00
1.754000000000000000e+03,1.341241885772130216e+00
1.755000000000000000e+03,1.336140616472148990e+00
1.756000000000000000e+03,1.315506930476413094e+00
1.757000000000000000e+03,1.327458406537530999e+00
1.758000000000000000e+03,1.334266654989083367e+00
1.759000000000000000e+03,1.341822374946556096e+00
1.760000000000000000e+03,1.354166734974280750e+00
1.761000000000000000e+03,1.364059428219214221e+00
1.762000000000000000e+03,1.337501720845466480e+00
1.763000000000000000e+03,1.342102712182889901e+00
1.764000000000000000e+03,1.335878902819425340e+00
1.765000000000000000e+03,1.316897379550879599e+00
1.766000000000000000e+03,1.333537580135891965e+00
1.767000000000000000e+03,1.337515508578184686e+00
1.768000000000000000e+03,1.327336368759417740e+00
1.769000000000000000e+03,1.329994275100207624e+00
1.770000000000000000e+03,1.387263439311027469e+00
1.771000000000000000e+03,1.376426849181168865e+00
1.772000000000000000e+03,1.384766230475164894e+00
1.773000000000000000e+03,1.371903479796379610e+00
1.774000000000000000e+03,1.367374532018041711e+00
1.775000000000000000e+03,1.384031566783382905e+00
1.776000000000000000e+03,1.380374383247856551e+00
1.777000000000000000e+03,1.379201320277172238e+00
1.778000000000000000e+03,1.389621068750293675e+00
1.779000000000000000e+03,1.405696418008393733e+00
1.780000000000000000e+03,1.398805823311531249e+00
1.781000000000000000e+03,1.417117528059789633e+00
1.782000000000000000e+03,1.414026276958692430e+00
1.783000000000000000e+03,1.418812326895209752e+00
1.784000000000000000e+03,1.423493205799281291e+00
1.785000000000000000e+03,1.428268038167429754e+00
1.786000000000000000e+03,1.403923093766761276e+00
1.787000000000000000e+03,1.409879032765433804e+00
1.788000000000000000e+03,1.425173236881770888e+00
1.789000000000000000e+03,1.401134482976640561e+00
1.790000000000000000e+03,1.409386348471762362e+00
1.791000000000000000e+03,1.409972744818780432e+00
1.792000000000000000e+03,1.399309162444080323e+00
1.793000000000000000e+03,1.400101629929387803e+00
1.794000000000000000e+03,1.407592998697452025e+00
1.795000000000000000e+03,1.406254674093649903e+00
1.796000000000000000e+03,1.403592803316155768e+00
1.797000000000000000e+03,1.395128811562677651e+00
1.798000000000000000e+03,1.390791711097653316e+00
1.799000000000000000e+03,1.381331517228982397e+00
